year_month,brazil_temp_mean,brazil_precip_mean,vietnam_temp_mean,vietnam_precip_mean
2009-01-01,24.496491933413846,3.236260623229462,21.15282258064516,1.788064516129032
2009-02-01,24.68038552161629,3.4925610956942084,25.69107142857143,1.59875
2009-03-01,24.70995140159995,3.078185640362225,25.988306451612903,3.8452419354838714
2009-04-01,23.333976772260346,2.792995269316956,27.1825,9.283666666666667
2009-05-01,21.93453113616403,2.0445475638051045,26.795161290322582,11.564112903225807
2009-06-01,20.211975242174006,1.0278544124979225,28.342083333333335,7.4134166666666665
2009-07-01,20.76768637050504,0.8366632337796087,27.56935483870968,9.695806451612903
2009-08-01,22.048053348545658,0.8324739791833468,28.004032258064516,9.501370967741936
2009-09-01,23.491024592925342,1.3062195424134797,27.034166666666668,13.630666666666666
2009-10-01,24.18355919136373,2.1389565217391304,26.04032258064516,9.128629032258065
2009-11-01,25.451897338776238,2.348145727822251,23.965416666666666,5.941083333333333
2009-12-01,24.878344085363928,2.952368979335272,23.591129032258063,1.8491129032258065
2010-01-01,25.127009696308946,2.7706145966709346,23.17217741935484,4.861532258064516
2010-02-01,25.78528459770313,2.372937293729373,25.834821428571427,0.7780357142857143
2010-03-01,25.099997302783628,2.7371589991928977,27.091532258064515,1.7002419354838711
2010-04-01,23.48519082847982,2.078268014131953,27.738333333333333,3.5575
2010-05-01,22.119261879864897,1.077563645015465,29.22822580645161,7.221854838709678
2010-06-01,21.02322276270678,0.7018323967749817,28.5375,10.432916666666667
2010-07-01,21.104600850990053,0.758376188249961,28.35,10.596774193548388
2010-08-01,21.51947992089576,0.31099452202762135,28.15443548387097,11.93725806451613
2010-09-01,23.622445144370964,0.6814494147827481,28.202083333333334,9.00175
2010-10-01,23.91351543796784,1.592334603125243,25.938306451612902,12.16241935483871
2010-11-01,24.169699886679496,2.259878903760357,24.578333333333333,13.126166666666666
2010-12-01,24.78768193070426,3.043439962911451,23.32782258064516,2.6647580645161293
2011-01-01,24.783702183233462,3.42500403551251,21.280241935483872,2.0875
2011-02-01,24.682002327240813,3.5363831575016333,23.567410714285714,0.9359821428571428
2011-03-01,23.935334999796336,3.5298366013071893,23.78991935483871,4.797983870967742
2011-04-01,23.27099064977928,2.653210693716152,26.085416666666667,2.889333333333333
2011-05-01,21.399343434949866,1.265581957309706,27.983064516129033,9.486370967741935
2011-06-01,20.384792192956102,0.8566806274123346,28.543333333333333,10.436
2011-07-01,20.81188562651546,0.731813880126183,28.33427419354839,9.66975806451613
2011-08-01,21.976227098943895,0.6503697813121272,28.052822580645163,10.01491935483871
2011-09-01,22.90892437101699,0.5177891537354024,27.252083333333335,13.687833333333334
2011-10-01,23.625184374554024,2.1162859134205836,25.96693548387097,10.366048387096773
2011-11-01,23.627007602694515,1.9866614906832298,25.36625,6.4784999999999995
2011-12-01,24.4240867189324,2.567019599008786,21.908467741935485,4.126693548387097
2012-01-01,24.315461561741202,2.964740602671637,22.211290322580645,3.0913709677419354
2012-02-01,24.755854442581324,2.7027643703378676,23.595089285714284,2.640803571428571
2012-03-01,24.333132366161582,2.302974863556,25.982661290322582,3.5872580645161287
2012-04-01,23.826851275041765,1.831992472359445,27.975416666666668,6.17575
2012-05-01,22.050348551892316,1.1204017388697347,29.052822580645163,9.231693548387096
2012-06-01,21.38539108533087,1.1534253017714375,29.015833333333333,8.514416666666666
2012-07-01,20.709435393700797,0.6756941351150706,28.491129032258065,9.091612903225807
2012-08-01,22.175503572006892,0.40861791001025943,28.571370967741935,9.090403225806451
2012-09-01,23.675347132820516,0.7916526524996178,27.189583333333335,11.568
2012-10-01,24.88319829338673,1.2952667057444314,26.886290322580646,7.774677419354839
2012-11-01,24.640846642740357,2.583563072796364,25.924166666666668,4.854666666666667
2012-12-01,25.61232965973356,2.493779629363597,24.25685483870968,2.9239516129032257
2013-01-01,24.701633391392132,3.29750428369217,22.47741935483871,2.0674193548387096
2013-02-01,24.965265833287713,2.780141129032258,24.891964285714284,1.790357142857143
2013-03-01,24.588909105881672,2.93008289374529,27.048790322580643,2.6641935483870967
2013-04-01,23.15508135289793,2.2067568636759236,28.512916666666666,5.035916666666667
2013-05-01,22.169245355043522,1.325740484680882,29.961290322580645,7.849193548387097
2013-06-01,21.546987698615464,1.2437292069632495,28.99875,9.611583333333334
2013-07-01,20.71653578706435,0.844644030668127,28.190322580645162,11.99241935483871
2013-08-01,21.44606684083009,0.617378856202133,28.31814516129032,10.751693548387097
2013-09-01,23.282509391248706,0.9834846136816472,27.404166666666665,10.999916666666666
2013-10-01,23.845192925524753,1.730188679245283,26.27056451612903,8.093629032258065
2013-11-01,24.257960142814103,2.357972001513432,25.184583333333332,7.6930000000000005
2013-12-01,24.87951925704913,3.123451359870977,21.731854838709676,1.7145967741935484
2014-01-01,25.14949531485288,2.395464476757327,21.571774193548386,0.8385483870967742
2014-02-01,24.96224222506774,2.726690146894597,22.98169642857143,0.7548214285714285
2014-03-01,24.26800004846977,3.0705231620188984,25.62741935483871,1.5054032258064516
2014-04-01,23.57083253879698,2.377256874036824,28.459583333333335,5.19825
2014-05-01,21.898428004812853,1.4527870636709943,30.1375,7.04508064516129
2014-06-01,21.549221639101546,0.9661165428236214,29.649166666666666,9.45
2014-07-01,21.07981806199052,0.8189303701335039,28.913306451612904,10.01459677419355
2014-08-01,22.234250402555286,0.49855783526613145,28.539516129032258,10.287096774193548
2014-09-01,23.97915298586502,1.1390009823925036,28.081666666666667,9.816583333333334
2014-10-01,24.699418567674783,1.3115810519840048,27.289112903225806,6.889516129032258
2014-11-01,24.485607234742385,2.542627218934911,25.58125,3.6160833333333335
2014-12-01,24.73673542476594,2.706559712122348,22.399596774193547,1.6297580645161291
2015-01-01,25.619160059246088,2.1194953962154717,22.343951612903226,1.4780645161290322
2015-02-01,24.826798693645276,3.129885363902959,23.432142857142857,0.9042857142857142
2015-03-01,24.37576312607108,3.041922889214251,25.719758064516128,1.2301612903225807
2015-04-01,23.77838660868722,2.2271823014920256,27.981666666666666,2.5640833333333335
2015-05-01,22.20063193652671,1.526555313483418,30.545967741935485,8.121129032258064
2015-06-01,21.49477086475538,0.9299338073057122,29.935,11.274666666666667
2015-07-01,21.576948098272613,0.9176378934247429,29.06733870967742,9.33290322580645
2015-08-01,23.036035884784532,0.41510879558688324,29.044354838709676,10.86766129032258
2015-09-01,24.6248265350186,0.9673728489483747,28.2225,9.94875
2015-10-01,25.381726476418162,1.3266216314374955,27.45040322580645,6.920241935483872
2015-11-01,25.547722441092674,2.335900119617225,26.498333333333335,5.35625
2015-12-01,25.874979211227522,2.461389790498672,23.690725806451614,2.716209677419355
2016-01-01,25.14512880447992,3.6077011582419267,23.426209677419354,2.088467741935484
2016-02-01,25.707250298826725,2.533377483443709,23.085267857142856,0.9832142857142857
2016-03-01,25.025958072986533,2.5880963408985638,25.773387096774194,0.5738709677419355
2016-04-01,24.84673165347589,1.4189325753987052,28.549583333333334,1.6932500000000001
2016-05-01,22.357067402951536,1.1778244246195366,29.678225806451614,5.960322580645162
2016-06-01,20.80653828610143,0.7674344597666314,29.579166666666666,9.2585
2016-07-01,21.503357348502472,0.4728583666476299,28.79717741935484,8.468387096774192
2016-08-01,22.447671248520734,0.6777056915364199,29.114112903225806,11.156451612903226
2016-09-01,23.22448091435171,0.7613114266597278,28.435416666666665,11.224916666666667
2016-10-01,24.290099636557112,1.5807380867072733,27.26451612903226,10.080403225806451
2016-11-01,24.537026948866444,2.130177941070528,25.314166666666665,5.5400833333333335
2016-12-01,24.94234409860363,2.8266061980347694,23.658467741935485,8.085725806451613
2017-01-01,25.251391693091037,3.021629671654493,23.408870967741937,3.174274193548387
2017-02-01,25.044757211074568,3.1730595356677647,23.535714285714285,1.953839285714286
2017-03-01,24.61414950615994,2.8628820960698693,25.60524193548387,2.109677419354839
2017-04-01,23.51845966997037,2.2119774338203384,27.602083333333333,5.000666666666667
2017-05-01,22.722258178964598,1.6857344234564422,28.585887096774194,10.393629032258065
2017-06-01,21.545485147344564,0.8998134328358208,29.2025,10.209416666666666
2017-07-01,20.562095875686243,0.41114329987199355,28.28306451612903,12.626451612903224
2017-08-01,22.402457023514902,0.5968950388120149,28.963709677419356,12.70524193548387
2017-09-01,24.04745561577282,0.580184776613348,29.037916666666668,12.520916666666666
2017-10-01,24.811592152048032,1.574206117280343,26.788306451612904,12.797741935483872
2017-11-01,24.34370199677133,2.4934062357612445,25.20625,8.27075
2017-12-01,24.885812251763998,2.8812955568232237,22.768145161290324,4.710483870967742
2018-01-01,24.812332908665127,3.049228291504496,23.236290322580643,2.8
2018-02-01,24.22127831046908,3.343704161198178,23.21517857142857,0.8014285714285715
2018-03-01,24.740459300482776,3.1054925414174743,26.268951612903226,1.6486290322580646
2018-04-01,23.494853842930844,1.8917780477926285,27.31625,2.3116666666666665
2018-05-01,21.98531488939481,1.162132834424696,29.938709677419354,7.493709677419355
2018-06-01,20.940932973259464,0.7180288308884232,29.160416666666666,9.680333333333333
2018-07-01,21.245716052775656,0.4893192205917729,28.550403225806452,14.201048387096774
2018-08-01,21.789288018529064,0.6712546760881183,28.43185483870968,12.887580645161291
2018-09-01,23.713866939636056,1.1517353511350135,28.1875,11.625
2018-10-01,24.60392235576983,2.0819272770910837,27.09516129032258,7.312661290322581
2018-11-01,24.60177857804886,2.708455495762974,26.129583333333333,7.785333333333333
2018-12-01,24.77571592037191,2.857878475798146,24.399596774193547,6.710725806451612
2019-01-01,25.707561358908745,2.5278665914362737,23.376612903225805,3.2029032258064514
2019-02-01,25.08774995124156,3.4144847182756948,25.647767857142856,1.170625
2019-03-01,24.5546696460729,3.312080703057309,27.12298387096774,1.4987903225806452
2019-04-01,24.14462464622631,2.6100384590313537,29.573333333333334,3.1555
2019-05-01,23.048074544193426,1.7193942104926832,29.885887096774194,10.255967741935484
2019-06-01,21.933254329748546,0.7120066525938719,29.862916666666667,7.998916666666667
2019-07-01,20.77996507311364,0.6370861725863836,28.86733870967742,8.210725806451613
2019-08-01,22.012263113908322,0.48283872537095596,28.247177419354838,12.091451612903226
2019-09-01,24.29033282965068,0.6982849359172807,27.39,10.1695
2019-10-01,25.028891264717437,1.609454094292804,26.79758064516129,7.992500000000001
2019-11-01,25.16504809984394,2.3366095935171876,24.798333333333332,6.000916666666667
2019-12-01,25.2240453529813,2.6778171862360773,22.982258064516127,0.7887096774193548
2020-01-01,25.172607370757483,3.377646837585407,23.68790322580645,1.1666935483870968
2020-02-01,24.716049195513296,3.580750035648082,23.79732142857143,1.1021428571428573
2020-03-01,24.441747582992218,2.961703582171179,26.579032258064515,0.7040322580645161
2020-04-01,23.024563859165067,2.025528129864354,26.865833333333335,3.504
2020-05-01,21.047711556808952,1.2943083301922351,29.881451612903227,3.858064516129032
2020-06-01,21.402229950633295,0.8670926997970078,29.61375,7.6699166666666665
2020-07-01,20.97156704120258,0.5095154185022027,29.161290322580644,7.026370967741936
2020-08-01,21.940961866739134,0.48468684447108185,28.017338709677418,10.931129032258065
2020-09-01,24.367308431284446,0.5506746506986028,28.001666666666665,10.61375
2020-10-01,24.945585121507893,1.3872262163517806,25.2625,15.513629032258066
2020-11-01,24.086578155009153,2.07059702887041,24.885833333333334,8.737666666666668
2020-12-01,25.05749418313885,2.3695550351288057,22.455645161290324,4.518870967741935
2021-01-01,24.748061721243115,2.8288414357110407,21.365322580645163,1.6362096774193549
2021-02-01,24.280617286130756,3.271486330381209,23.521428571428572,0.905
2021-03-01,24.428134537056557,2.30529741457241,26.206048387096775,0.9619354838709677
2021-04-01,23.134062430583143,1.3061704773749163,27.316666666666666,4.401083333333333
2021-05-01,21.431935052344926,0.8169207883971736,28.763306451612902,6.125403225806451
2021-06-01,20.348885852157867,0.6308586057502954,28.308333333333334,7.036527777777778
2021-07-01,19.782827940506227,0.33303042275780326,,
2021-08-01,21.980914220406756,0.40983838383838384,,
2021-09-01,24.598919615259163,0.7656589065627304,,
2021-10-01,23.79322799887894,2.03065784029789,,
2021-11-01,23.91446299877173,2.408041775456919,,
2021-12-01,24.24491370242582,3.0613147410358565,,
2022-01-01,24.840161366220286,2.905410393394852,,
2022-02-01,24.71738262891262,2.9093333333333335,,
2022-03-01,24.4158453378655,2.3604573230829886,,
2022-04-01,23.38368582785867,1.7872476089266738,,
2022-05-01,20.576800149588824,1.1291627993317246,,
2022-06-01,19.996878207103972,0.9137182787789628,,
2022-07-01,21.318464724655716,0.5806396295978736,,
2022-08-01,21.45561465308709,0.5641838604317693,,
2022-09-01,22.62434788113739,0.9094428336337277,,
2022-10-01,24.049120598655215,1.702315914489311,,
2022-11-01,23.154175001346644,2.5490071602568833,,
2022-12-01,24.12282741680099,3.2729716416860177,,
2023-01-01,24.347937753331205,3.688913154254932,,
2023-02-01,24.650248773240584,3.280046060207271,,
2023-03-01,24.630896743282022,3.080246913580247,,
2023-04-01,23.146029009156056,2.355829441935237,,
2023-05-01,21.963214657629578,1.2065340496587773,,
2023-06-01,20.77799154214284,0.6994964606290593,,
2023-07-01,21.15513639212008,0.5966037204058624,,
2023-08-01,22.662908664289116,0.7434203142536476,,
2023-09-01,24.658615450460474,1.152040963507861,,
2023-10-01,25.20777876420426,2.007702579239581,,
2023-11-01,25.866324501323383,2.049824812298892,,
2023-12-01,26.041534202186394,2.4522855396318683,,
2024-01-01,25.350723507917582,3.627731448763251,,
2024-02-01,25.45573859483768,3.3956071738958675,,
2024-03-01,25.477180508041812,3.1903298015221613,,
2024-04-01,24.50281727941941,2.654180756225023,,
2024-05-01,22.796502675867533,1.2866741657292837,,
2024-06-01,22.022505405883358,0.7177535101404057,,
2024-07-01,20.759455968276605,0.45232195789313673,,
2024-08-01,21.947527707369613,0.4135070019575365,,
2024-09-01,24.680555022120714,0.5393289841565704,,
2024-10-01,24.962034423074332,1.6868603473790793,,
2024-11-01,24.750872346734,2.4444301352221505,,
2024-12-01,24.83706640217588,2.990768746061752,,
2025-01-01,25.04552234483955,3.3594261603375526,,
2025-02-01,25.520301579151567,2.710953583220043,,
2025-03-01,25.095502949506596,2.397743071228672,,
2025-04-01,23.403267834871873,2.361220996576645,,
2025-05-01,21.816697858932116,1.1172470523718123,,
2025-06-01,20.29218989053297,1.1659475669923576,,
2025-07-01,19.663025348002183,0.553385003268279,,
2025-08-01,21.178450043110868,0.5131721709336632,,
2025-09-01,23.193713991984247,0.804695444123218,,
2025-10-01,23.364229621250917,1.2481734317343174,,
2025-11-01,23.822942394695694,1.9126843657817107,,
2025-12-01,24.972410361803234,2.73967016222999,,
2026-01-01,24.547170068691727,2.8773345339936967,,
