date,coffeeCost,oilCost,cpi,coffeeD,oilD
2009-01-01,1.1657,41.68,211.143,1.5392387689859481,55.036005740185566
2009-02-01,1.1408315789473684,44.76,212.193,1.4989473068088213,58.8105051533274
2009-03-01,1.1169090909090909,49.66,212.709,1.4639553961686453,65.09036909580695
2009-04-01,1.1593619047619046,51.12,213.24,1.5158151274218183,66.83717051209905
2009-05-01,1.29715,66.31,213.856,1.6910819163362265,86.44770602648512
2009-06-01,1.2600636363636364,69.89,215.693,1.6287420636991212,90.33891586653253
2009-07-01,1.1981363636363638,69.45,215.351,1.5511551581118523,89.91274198866039
2009-08-01,1.2816190476190477,69.96,215.834,1.6555220850944974,90.37032126541693
2009-09-01,1.2898571428571428,70.61,215.969,1.6651220829973616,91.15293963485502
2009-10-01,1.3702045454545455,77.0,216.177,1.7671434411700515,99.30637394357402
2009-11-01,1.37236,77.28,216.33,1.7686715329357927,99.5969979198447
2009-12-01,1.4266818181818182,79.36,215.949,1.8419244556479875,102.45811149854826
2010-01-01,1.401578947368421,72.89,216.687,1.8033523639360485,93.78448074872973
2010-02-01,1.318642105263158,79.66,216.741,1.6962183261661568,102.46961728514678
2010-03-01,1.3361739130434782,83.76,217.631,1.7117412469011668,107.3029831228088
2010-04-01,1.332128571428571,86.15,218.009,1.7035998971208919,110.17339788724321
2010-05-01,1.345025,73.97,218.178,1.71876018686577,94.52366388911805
2010-06-01,1.5071863636363636,75.63,217.965,1.927862604338061,96.73936301699814
2010-07-01,1.6480476190476192,78.95,218.011,2.107595361177713,100.96471233102918
2010-08-01,1.73395,71.92,218.312,2.21439374793873,91.84763018065888
2010-09-01,1.870595238095238,79.97,218.439,2.387511815982625,102.06875118454123
2010-10-01,1.8866428571428573,81.43,218.711,2.4049992997935306,103.8029493715451
2010-11-01,2.0469904761904765,84.11,218.803,2.608305364838952,107.17419879983365
2010-12-01,2.208681818181818,91.38,219.179,2.809506879184262,116.2379915959102
2011-01-01,2.3595526315789472,92.19,220.223,2.9871902244065045,116.71240687848227
2011-02-01,2.589278947368421,96.97,221.309,3.261937603460368,122.16145723852172
2011-03-01,2.722195652173913,106.72,223.467,3.3962669755149135,133.14605485373679
2011-04-01,2.817885,113.93,224.906,3.4931570245791574,141.23194516820362
2011-05-01,2.749833333333333,102.7,225.964,3.392837058115452,126.71472181409429
2011-06-01,2.580136363636364,95.42,225.722,3.1868722519495023,117.85863513525487
2011-07-01,2.5252,95.7,225.922,3.116256099007622,118.09983711192359
2011-08-01,2.5637086956521737,88.81,226.545,3.155077851046006,109.29574971859897
2011-09-01,2.5907142857142857,79.2,226.889,3.183478812484141,97.32123813847299
2011-10-01,2.327952380952381,93.19,226.421,2.866508758967966,114.74888981145743
2011-11-01,2.3093761904761902,100.36,226.23,2.8460358955803513,123.68195517835832
2011-12-01,2.248761904761905,98.83,225.672,2.7781883289527665,122.09756487291291
2012-01-01,2.23245,98.48,226.655,2.746074540160156,121.13750395976265
2012-02-01,2.088835,107.07,227.663,2.5580413842829093,131.12069216341698
2012-03-01,1.864386363636364,103.02,229.392,2.2659667597586037,125.21004237288136
2012-04-01,1.7883,104.87,230.085,2.1669453315079212,127.07462781146099
2012-05-01,1.7425454545454544,86.53,229.815,2.113983673033448,104.97459721950266
2012-06-01,1.5683666666666665,84.96,229.478,1.905471388978464,103.22130191129433
2012-07-01,1.8060714285714288,88.06,229.104,2.1978504366077045,107.16226744186048
2012-08-01,1.6576260869565218,96.47,230.379,2.0060399094346804,116.74687771020797
2012-09-01,1.7202368421052632,92.19,231.407,2.0725625069796143,111.07164597440874
2012-10-01,1.647391304347826,86.24,231.317,1.985569544974138,103.94343900361841
2012-11-01,1.485142857142857,88.91,230.221,1.798536184175826,107.6716972821767
2012-12-01,1.470475,91.82,229.601,1.7855818178056715,111.49602850161801
2013-01-01,1.5002857142857142,97.49,230.28,1.8164089704459168,118.03199140177175
2013-02-01,1.415057894736842,92.05,232.166,1.6993055450342471,110.54040686405416
2013-03-01,1.390225,97.23,232.773,1.6651308805144929,116.45645525898624
2013-04-01,1.3719863636363636,93.46,232.531,1.6449959022863423,112.05746726242951
2013-05-01,1.3652727272727274,91.97,232.945,1.6340370770314494,110.074995986177
2013-06-01,1.234615,96.56,233.504,1.4741209196844596,115.29190557763467
2013-07-01,1.2299545454545455,105.03,233.596,1.4679779926960146,125.35563134642719
2013-08-01,1.1798954545454543,107.65,233.877,1.4065393883031756,128.3282892289537
2013-09-01,1.1698,102.33,234.149,1.3928847853289998,121.84467437400971
2013-10-01,1.127913043478261,96.38,233.546,1.3464774063688787,115.05629195105034
2013-11-01,1.05658,92.72,233.069,1.2639030379844598,110.91359829063498
2013-12-01,1.1217857142857144,98.42,233.049,1.3420186343399274,117.74216083312952
2014-01-01,1.1762380952380953,97.49,233.916,1.4019457131131325,116.19729723490485
2014-02-01,1.5423631578947368,102.59,234.781,1.8315533759008116,121.8254338298244
2014-03-01,1.889857142857143,101.58,236.293,2.229841557485229,119.85419441117597
2014-04-01,1.972823809523809,99.74,237.072,2.320085137607381,117.29648157521765
2014-05-01,1.8855454545454544,102.71,237.9,2.209726119454316,120.36886683480454
2014-06-01,1.7180142857142855,105.37,238.343,2.0096491983641824,123.25667940740868
2014-07-01,1.7259318181818182,98.17,238.25,2.0196988154154343,114.87929628541448
2014-08-01,1.8808285714285715,95.96,237.852,2.2046430863370023,112.48103829271984
2014-09-01,1.887809523809524,91.16,238.031,2.211161869072276,106.77428704664518
2014-10-01,2.05054347826087,80.54,237.433,2.4078187228653434,94.57283983271071
2014-11-01,1.8826210526315792,66.15,236.151,2.2226393905416004,78.09728648195434
2014-12-01,1.7559772727272729,53.27,234.812,2.0849444474341565,63.24967437780012
2015-01-01,1.692425,48.24,233.707,2.018987342484393,57.5481627850257
2015-02-01,1.5529684210526316,49.76,234.722,1.844610653139952,59.10476018438834
2015-03-01,1.3695227272727273,47.6,236.119,1.6170900071959096,56.204605304952175
2015-04-01,1.3848619047619048,59.63,236.599,1.6318846181574251,70.26641389016861
2015-05-01,1.32615,60.3,237.805,1.5547750144025567,70.69557242278337
2015-06-01,1.3195045454545455,59.47,238.638,1.5415839316530402,69.47910617755764
2015-07-01,1.2562272727272727,47.12,238.654,1.4675583735906759,55.04684706730246
2015-08-01,1.2748619047619048,49.2,238.316,1.4914401415407637,57.55827724533813
2015-09-01,1.189547619047619,45.09,237.945,1.3938021613638207,52.832302338775776
2015-10-01,1.25125,46.59,237.838,1.466758896812116,54.61442317880238
2015-11-01,1.18404,41.65,237.336,1.3909087541713014,48.9268518050359
2015-12-01,1.21925,37.04,236.525,1.437181433252299,43.6606112673079
2016-01-01,1.1701052631578948,33.62,236.916,1.376976175433265,39.56390974016107
2016-02-01,1.166565,33.75,237.111,1.3716810064906313,39.68423017067956
2016-03-01,1.2573636363636362,38.34,238.132,1.4721057923565692,44.88799774914754
2016-04-01,1.2302761904761903,45.92,239.261,1.4335953726563997,53.50887875583569
2016-05-01,1.2497380952380954,49.1,240.236,1.4503633111963714,56.98220999350639
2016-06-01,1.3588136363636365,48.33,241.038,1.571702218925873,55.90197670076917
2016-07-01,1.4546,41.6,240.647,1.6852293575236756,48.195752284466465
2016-08-01,1.4119043478260869,44.7,240.853,1.6343651770275176,51.74296936305548
2016-09-01,1.5228809523809523,48.24,241.428,1.7586288884707422,55.70774094139869
2016-10-01,1.5560476190476191,46.86,241.729,1.7946923550162135,54.04672885752226
2016-11-01,1.6077619047619047,49.44,241.353,1.8572266952199832,57.11124734310325
2016-12-01,1.4101904761904762,53.72,241.432,1.6284665046176863,62.0350386030021
2017-01-01,1.486925,52.81,242.839,1.707129677893584,60.630844386610065
2017-02-01,1.4552526315789474,54.01,243.603,1.665526878525608,61.81408283149223
2017-03-01,1.4138695652173912,50.6,243.801,1.6168500642808648,57.86432869430397
2017-04-01,1.3589421052631578,49.21,244.524,1.5494420867954841,56.10838371693576
2017-05-01,1.3320454545454543,48.32,244.733,1.5174779732123653,55.04657173327668
2017-06-01,1.2424545454545457,46.04,244.955,1.4141324413946164,52.40164144434692
2017-07-01,1.32525,50.17,244.786,1.5094096496531666,57.14173335076353
2017-08-01,1.335408695652174,47.23,245.519,1.516439115364666,53.6325842806463
2017-09-01,1.3280238095238095,51.67,246.819,1.5001101784824393,58.36543920848882
2017-10-01,1.2612045454545455,54.38,246.663,1.4255334188014344,61.46545189185245
2017-11-01,1.259504761904762,57.4,246.669,1.4235775335715934,64.87736521411283
2017-12-01,1.2319,60.42,246.524,1.3931957286106018,68.33094076033166
2018-01-01,1.240904761904762,64.73,247.867,1.3957756757800412,72.8086169599019
2018-02-01,1.2090105263157895,61.64,248.991,1.3537619944411434,69.01998578261865
2018-03-01,1.1975714285714285,64.94,249.554,1.3379281014472677,72.55103857281391
2018-04-01,1.1725285714285714,68.57,250.546,1.3047636392974886,76.30316644448524
2018-05-01,1.2031363636363637,67.04,251.588,1.3332783139678581,74.29164379859137
2018-06-01,1.1614428571428572,74.15,251.989,1.28502669345544,82.03996325236419
2018-07-01,1.1105714285714283,68.76,252.006,1.2286593788583264,76.0713059212876
2018-08-01,1.0318217391304347,69.9977,252.146,1.1409023522603712,77.39761390384936
2018-09-01,0.9992894736842104,73.5992,252.439,1.10364842136954,81.2853963072267
2018-10-01,1.1485,65.31,252.885,1.2662043893469366,72.00331621092593
2018-11-01,1.1217857142857144,50.93,252.038,1.2409085166295786,56.33827383172379
2018-12-01,1.0304,45.41,251.233,1.1434707255814323,50.39305672423606
2019-01-01,1.0335,53.79,251.712,1.1447283681350118,59.57904104691077
2019-02-01,0.9982052631578948,57.22,252.776,1.1009811998724064,63.11141263411083
2019-03-01,0.9647380952380952,60.14,254.202,1.0580991118424379,65.9599542096443
2019-04-01,0.919947619047619,63.91,255.548,1.0036597276664827,69.72559292187769
2019-05-01,0.9266304347826086,53.5,256.092,1.0088031585456043,58.24433016259783
2019-06-01,1.008205,59.4601,256.143,1.0973931374661812,64.72007745751398
2019-07-01,1.0612826086956522,58.58,256.571,1.153239118487924,63.655756730105885
2019-08-01,0.94885,55.1,256.558,1.031116853499014,59.87726050249847
2019-09-01,0.9975238095238096,54.07,256.759,1.0831621604027792,58.71196000919151
2019-10-01,0.9736739130434784,54.18,257.346,1.0548531327642467,58.697210603623134
2019-11-01,1.0999904761904762,55.4872,257.208,1.1923406143776911,60.145649958010644
2019-12-01,1.2961190476190476,60.7556,256.974,1.406214569233797,65.91632924420371
2020-01-01,1.1350454545454545,51.56,257.971,1.2266996787165294,55.723438370979686
2020-02-01,1.041715,44.76,258.678,1.1227558023102082,48.242129288149755
2020-03-01,1.1497727272727274,20.48,258.115,1.2419229254754314,22.12139922127734
2020-04-01,1.1376857142857144,18.84,256.389,1.2371398637004152,20.48695412049659
2020-05-01,1.0606190476190476,35.49,256.394,1.1533136957740264,38.591710336435334
2020-06-01,0.9681,39.27,257.797,1.046979663068228,42.46967396827736
2020-07-01,1.0399772727272727,40.27,259.101,1.1190529700422194,43.331969154885556
2020-08-01,1.188795238095238,42.61,259.918,1.2751655905763686,45.70577343623758
2020-09-01,1.2141818181818185,40.22,260.28,1.3005852131271223,43.0821286307054
2020-10-01,1.0740227272727272,35.79,260.388,1.1499749773764187,38.32098092077976
2020-11-01,1.1222238095238095,45.34,260.229,1.2023188904497852,48.575995296450444
2020-12-01,1.2290227272727272,48.52,260.474,1.3155017176727464,51.93406267036251
2021-01-01,1.245875,52.2,261.582,1.327891222446499,55.63633736266258
2021-02-01,1.2710050000000002,61.5,263.014,1.347299900423552,65.19167420745664
2021-03-01,1.3003260869565216,59.16,264.877,1.3686862721023425,62.27013413773185
2021-04-01,1.3261857142857143,63.58,267.054,1.3845260865378752,66.37695432384461
2021-05-01,1.5045238095238094,66.93,269.195,1.5582170810856706,69.31859009268375
2021-06-01,1.5633454545454546,73.47,271.696,1.6042335530084426,75.39155136623285
2021-07-01,1.6879318181818184,73.95,273.003,1.7237860637895093,75.52081076032134
2021-08-01,1.821504545454545,68.5,273.567,1.8563610021743049,69.81082148066105
2021-09-01,1.9023636363636365,75.03,274.31,1.9335160458804075,76.25866377456163
2021-10-01,2.027690476190476,81.78,276.589,2.043914111345199,82.43432515392877
2021-11-01,2.224381818181818,65.85,277.948,2.2312162694918736,66.05232525508369
2021-12-01,2.3438695652173918,74.88,278.802,2.3438695652173918,74.88
