date,cpi,inflation_rate,zscore
1913-01-01,9.8,,
1913-02-01,9.8,0.0,-0.40982938905396626
1913-03-01,9.8,0.0,-0.40982938905396626
1913-04-01,9.8,0.0,-0.40982938905396626
1913-05-01,9.7,-0.010204081632653184,-2.0137664001018303
1913-06-01,9.8,0.01030927835051565,1.2106430550974934
1913-07-01,9.9,0.010204081632652962,1.1941076219938627
1913-08-01,9.9,0.0,-0.40982938905396626
1913-09-01,10.0,0.010101010101010166,1.1779062380439103
1913-10-01,10.0,0.0,-0.40982938905396626
1913-11-01,10.1,0.010000000000000009,1.1620288817729227
1913-12-01,10.0,-0.00990099009900991,-1.9661247067043517
1914-01-01,10.0,0.0,-0.40982938905396626
1914-02-01,9.9,-0.010000000000000009,-1.9816876598808555
1914-03-01,9.9,0.0,-0.40982938905396626
1914-04-01,9.8,-0.010101010101010055,-1.9975650161518255
1914-05-01,9.9,0.010204081632652962,1.1941076219938627
1914-06-01,9.9,0.0,-0.40982938905396626
1914-07-01,10.0,0.010101010101010166,1.1779062380439103
1914-08-01,10.2,0.020000000000000018,2.733887152599812
1914-09-01,10.2,0.0,-0.40982938905396626
1914-10-01,10.1,-0.009803921568627416,-1.9508669094724782
1914-11-01,10.2,0.00990099009900991,1.146465928596419
1914-12-01,10.1,-0.009803921568627416,-1.9508669094724782
1915-01-01,10.1,0.0,-0.40982938905396626
1915-02-01,10.0,-0.00990099009900991,-1.9661247067043517
1915-03-01,9.9,-0.010000000000000009,-1.9816876598808555
1915-04-01,10.0,0.010101010101010166,1.1779062380439103
1915-05-01,10.1,0.010000000000000009,1.1620288817729227
1915-06-01,10.1,0.0,-0.40982938905396626
1915-07-01,10.1,0.0,-0.40982938905396626
1915-08-01,10.1,0.0,-0.40982938905396626
1915-09-01,10.1,0.0,-0.40982938905396626
1915-10-01,10.2,0.00990099009900991,1.146465928596419
1915-11-01,10.3,0.009803921568627638,1.1312081313645805
1915-12-01,10.3,0.0,-0.40982938905396626
1916-01-01,10.4,0.009708737864077666,1.1162466020400987
1916-02-01,10.4,0.0,-0.40982938905396626
1916-03-01,10.5,0.009615384615384581,1.1015727944334204
1916-04-01,10.6,0.00952380952380949,1.0871784879240167
1916-05-01,10.7,0.00943396226415083,1.073055772103457
1916-06-01,10.8,0.009345794392523477,1.0591970322795912
1916-07-01,10.8,0.0,-0.40982938905396626
1916-08-01,10.9,0.0092592592592593,1.045594935785751
1916-09-01,11.1,0.0183486238532109,2.4743142271421408
1916-10-01,11.3,0.018018018018018056,2.4223476754989903
1916-11-01,11.5,0.017699115044247815,2.372220647807786
1916-12-01,11.6,0.008695652173912993,0.9570038899259281
1917-01-01,11.7,0.008620689655172376,0.9452208444174826
1917-02-01,12.0,0.025641025641025772,3.6205764335790995
1917-03-01,12.0,0.0,-0.40982938905396626
1917-04-01,12.6,0.050000000000000044,7.44946196508048
1917-05-01,12.8,0.01587301587301604,2.085183739242707
1917-06-01,13.0,0.015625,2.0461991591130455
1917-07-01,12.8,-0.01538461538461533,-2.828072882633785
1917-08-01,13.0,0.015625,2.0461991591130455
1917-09-01,13.3,0.023076923076923217,3.217535851315797
1917-10-01,13.5,0.015037593984962294,1.9538672588059975
1917-11-01,13.5,0.0,-0.40982938905396626
1917-12-01,13.7,0.014814814814814836,1.9188495306895743
1918-01-01,14.0,0.021897810218978186,3.032196021515874
1918-02-01,14.1,0.0071428571428571175,0.7129265186795208
1918-03-01,14.0,-0.007092198581560294,-1.5246224889311932
1918-04-01,14.2,0.014285714285714235,1.835682426413008
1918-05-01,14.5,0.021126760563380254,2.9109979436788906
1918-06-01,14.7,0.01379310344827589,1.758250984500366
1918-07-01,15.1,0.027210884353741527,3.867335973740291
1918-08-01,15.4,0.019867549668874274,2.7130678377544357
1918-09-01,15.7,0.01948051948051943,2.652232177491911
1918-10-01,16.0,0.019108280254777066,2.5937214469209775
1918-11-01,16.3,0.018750000000000044,2.537404868746455
1918-12-01,16.5,0.012269938650306678,1.5188310659483388
1919-01-01,16.5,0.0,-0.40982938905396626
1919-02-01,16.2,-0.018181818181818188,-3.2677535178301267
1919-03-01,16.4,0.012345679012345734,1.5307363773989902
1919-04-01,16.7,0.018292682926829285,2.465521106361075
1919-05-01,16.9,0.011976047904191489,1.4726356059482744
1919-06-01,16.9,0.0,-0.40982938905396626
1919-07-01,17.4,0.029585798816567976,4.240638867830306
1919-08-01,17.7,0.017241379310344973,2.3002710778889663
1919-09-01,17.8,0.005649717514124353,0.4782261311872225
1919-10-01,18.1,0.016853932584269593,2.2393699438003276
1919-11-01,18.5,0.022099447513812098,3.0638905464750583
1919-12-01,18.9,0.021621621621621623,2.988783088409575
1920-01-01,19.3,0.021164021164021385,2.9168547820082646
1920-02-01,19.5,0.010362694300518172,1.2190392853780474
1920-03-01,19.7,0.01025641025641022,1.2023329399992462
1920-04-01,20.3,0.030456852791878264,4.377556207373117
1920-05-01,20.6,0.014778325123152802,1.9131138683256852
1920-06-01,20.9,0.014563106796116276,1.8792845975870964
1920-07-01,20.8,-0.004784688995215225,-1.1619146861003107
1920-08-01,20.3,-0.024038461538461564,-4.188334847772451
1920-09-01,20.0,-0.014778325123152691,-2.7327726464336006
1920-10-01,19.9,-0.0050000000000001155,-1.1957585244674285
1920-11-01,19.8,-0.005025125628140614,-1.1997079171076648
1920-12-01,19.4,-0.020202020202020332,-3.5853006432497194
1921-01-01,19.0,-0.020618556701030855,-3.6507742773568164
1921-02-01,18.4,-0.03157894736842115,-5.373592349559942
1921-03-01,18.3,-0.005434782608695565,-1.2641001884163916
1921-04-01,18.1,-0.010928961748633892,-2.1277072806680533
1921-05-01,17.7,-0.02209944751381232,-3.883549324583026
1921-06-01,17.6,-0.005649717514124131,-1.2978849092951201
1921-07-01,17.7,0.005681818181818121,0.48327190118857405
1921-08-01,17.7,0.0,-0.40982938905396626
1921-09-01,17.5,-0.011299435028248594,-2.1859404295363265
1921-10-01,17.5,0.0,-0.40982938905396626
1921-11-01,17.4,-0.005714285714285783,-1.3080341152407702
1921-12-01,17.3,-0.005747126436781436,-1.3131962113682423
1922-01-01,16.9,-0.023121387283237094,-4.0441837724687515
1922-02-01,16.9,0.0,-0.40982938905396626
1922-03-01,16.7,-0.011834319526627168,-2.2700166918076716
1922-04-01,16.7,0.0,-0.40982938905396626
1922-05-01,16.7,0.0,-0.40982938905396626
1922-06-01,16.7,0.0,-0.40982938905396626
1922-07-01,16.8,0.005988023952095967,0.531403108447189
1922-08-01,16.6,-0.011904761904761862,-2.281089235276445
1922-09-01,16.6,0.0,-0.40982938905396626
1922-10-01,16.7,0.0060240963855420215,0.5370731837332924
1922-11-01,16.8,0.005988023952095967,0.531403108447189
1922-12-01,16.9,0.005952380952380931,0.5258005340572731
1923-01-01,16.8,-0.005917159763313529,-1.3399230404308102
1923-02-01,16.8,0.0,-0.40982938905396626
1923-03-01,16.8,0.0,-0.40982938905396626
1923-04-01,16.9,0.005952380952380931,0.5258005340572731
1923-05-01,16.9,0.0,-0.40982938905396626
1923-06-01,17.0,0.00591715976331364,0.5202642623228951
1923-07-01,17.2,0.0117647058823529,1.439415635448248
1923-08-01,17.1,-0.005813953488371992,-1.3237004767440015
1923-09-01,17.2,0.005847953216374213,0.5093859740026844
1923-10-01,17.3,0.005813953488372103,0.5040416986360864
1923-11-01,17.3,0.0,-0.40982938905396626
1923-12-01,17.3,0.0,-0.40982938905396626
1924-01-01,17.3,0.0,-0.40982938905396626
1924-02-01,17.2,-0.005780346820809301,-1.318417984907667
1924-03-01,17.1,-0.005813953488371992,-1.3237004767440015
1924-04-01,17.0,-0.005847953216374324,-1.3290447521106346
1924-05-01,17.0,0.0,-0.40982938905396626
1924-06-01,17.0,0.0,-0.40982938905396626
1924-07-01,17.1,0.00588235294117645,0.5147931231971409
1924-08-01,17.0,-0.005847953216374324,-1.3290447521106346
1924-09-01,17.1,0.00588235294117645,0.5147931231971409
1924-10-01,17.2,0.005847953216374213,0.5093859740026844
1924-11-01,17.2,0.0,-0.40982938905396626
1924-12-01,17.3,0.005813953488372103,0.5040416986360864
1925-01-01,17.3,0.0,-0.40982938905396626
1925-02-01,17.2,-0.005780346820809301,-1.318417984907667
1925-03-01,17.3,0.005813953488372103,0.5040416986360864
1925-04-01,17.2,-0.005780346820809301,-1.318417984907667
1925-05-01,17.3,0.005813953488372103,0.5040416986360864
1925-06-01,17.5,0.01156069364161838,1.4073478026533999
1925-07-01,17.7,0.011428571428571344,1.3865800633196064
1925-08-01,17.7,0.0,-0.40982938905396626
1925-09-01,17.7,0.0,-0.40982938905396626
1925-10-01,17.7,0.0,-0.40982938905396626
1925-11-01,18.0,0.016949152542372836,2.2543371716695653
1925-12-01,17.9,-0.005555555555555647,-1.2830839839578072
1926-01-01,17.9,0.0,-0.40982938905396626
1926-02-01,17.9,0.0,-0.40982938905396626
1926-03-01,17.8,-0.005586592178770777,-1.2879625012477314
1926-04-01,17.9,0.00561797752808979,0.4732370552307868
1926-05-01,17.8,-0.005586592178770777,-1.2879625012477314
1926-06-01,17.7,-0.005617977528090012,-1.2928958333387544
1926-07-01,17.5,-0.011299435028248594,-2.1859404295363265
1926-08-01,17.4,-0.005714285714285783,-1.3080341152407702
1926-09-01,17.5,0.005747126436781658,0.4935374332603446
1926-10-01,17.6,0.005714285714285783,0.4883753371328375
1926-11-01,17.7,0.005681818181818121,0.48327190118857405
1926-12-01,17.7,0.0,-0.40982938905396626
1927-01-01,17.5,-0.011299435028248594,-2.1859404295363265
1927-02-01,17.4,-0.005714285714285783,-1.3080341152407702
1927-03-01,17.3,-0.005747126436781436,-1.3131962113682423
1927-04-01,17.3,0.0,-0.40982938905396626
1927-05-01,17.4,0.005780346820809079,0.49875920679969943
1927-06-01,17.6,0.011494252873563315,1.3969042555746556
1927-07-01,17.3,-0.017045454545454586,-3.0891332597816223
1927-08-01,17.2,-0.005780346820809301,-1.318417984907667
1927-09-01,17.3,0.005813953488372103,0.5040416986360864
1927-10-01,17.4,0.005780346820809079,0.49875920679969943
1927-11-01,17.3,-0.005747126436781436,-1.3131962113682423
1927-12-01,17.3,0.0,-0.40982938905396626
1928-01-01,17.3,0.0,-0.40982938905396626
1928-02-01,17.1,-0.011560693641618491,-2.22700658076135
1928-03-01,17.1,0.0,-0.40982938905396626
1928-04-01,17.1,0.0,-0.40982938905396626
1928-05-01,17.2,0.005847953216374213,0.5093859740026844
1928-06-01,17.1,-0.005813953488371992,-1.3237004767440015
1928-07-01,17.1,0.0,-0.40982938905396626
1928-08-01,17.1,0.0,-0.40982938905396626
1928-09-01,17.3,0.011695906432748426,1.4286013370593351
1928-10-01,17.2,-0.005780346820809301,-1.318417984907667
1928-11-01,17.2,0.0,-0.40982938905396626
1928-12-01,17.1,-0.005813953488371992,-1.3237004767440015
1929-01-01,17.1,0.0,-0.40982938905396626
1929-02-01,17.1,0.0,-0.40982938905396626
1929-03-01,17.0,-0.005847953216374324,-1.3290447521106346
1929-04-01,16.9,-0.005882352941176561,-1.334451901305091
1929-05-01,17.0,0.00591715976331364,0.5202642623228951
1929-06-01,17.1,0.00588235294117645,0.5147931231971409
1929-07-01,17.3,0.011695906432748426,1.4286013370593351
1929-08-01,17.3,0.0,-0.40982938905396626
1929-09-01,17.3,0.0,-0.40982938905396626
1929-10-01,17.3,0.0,-0.40982938905396626
1929-11-01,17.3,0.0,-0.40982938905396626
1929-12-01,17.2,-0.005780346820809301,-1.318417984907667
1930-01-01,17.1,-0.005813953488371992,-1.3237004767440015
1930-02-01,17.0,-0.005847953216374324,-1.3290447521106346
1930-03-01,16.9,-0.005882352941176561,-1.334451901305091
1930-04-01,17.0,0.00591715976331364,0.5202642623228951
1930-05-01,16.9,-0.005882352941176561,-1.334451901305091
1930-06-01,16.8,-0.005917159763313529,-1.3399230404308102
1930-07-01,16.6,-0.011904761904761862,-2.281089235276445
1930-08-01,16.5,-0.006024096385542244,-1.3567319618412599
1930-09-01,16.6,0.0060606060606061,0.5428119872047596
1930-10-01,16.5,-0.006024096385542244,-1.3567319618412599
1930-11-01,16.4,-0.0060606060606061,-1.3624707653126924
1930-12-01,16.1,-0.018292682926829062,-3.2851798844689726
1931-01-01,15.9,-0.012422360248447228,-2.362448359025259
1931-02-01,15.7,-0.012578616352201366,-2.3870096039305717
1931-03-01,15.6,-0.006369426751592355,-1.4110130010456143
1931-04-01,15.5,-0.0064102564102563875,-1.4174308447122241
1931-05-01,15.3,-0.012903225806451535,-2.438033609475745
1931-06-01,15.1,-0.013071895424836666,-2.464546082945333
1931-07-01,15.1,0.0,-0.40982938905396626
1931-08-01,15.1,0.0,-0.40982938905396626
1931-09-01,15.0,-0.0066225165562913135,-1.4507951313234162
1931-10-01,14.9,-0.006666666666666599,-1.4577349029385476
1931-11-01,14.7,-0.0134228187919464,-2.5197062626471185
1931-12-01,14.6,-0.006802721088435382,-1.4791207297525306
1932-01-01,14.3,-0.020547945205479423,-3.639675151027019
1932-02-01,14.1,-0.013986013986014068,-2.60823256503564
1932-03-01,14.0,-0.007092198581560294,-1.5246224889311932
1932-04-01,13.9,-0.0071428571428571175,-1.5325852967874536
1932-05-01,13.7,-0.014388489208633115,-2.6714959657833046
1932-06-01,13.6,-0.007299270072992692,-1.5571711925772407
1932-07-01,13.6,0.0,-0.40982938905396626
1932-08-01,13.5,-0.007352941176470562,-1.5656075293678502
1932-09-01,13.4,-0.007407407407407418,-1.5741688489257368
1932-10-01,13.3,-0.007462686567164201,-1.5828579493725428
1932-11-01,13.2,-0.007518796992481258,-1.5916777129839659
1932-12-01,13.1,-0.007575757575757569,-1.600631109377365
1933-01-01,12.9,-0.015267175572518998,-2.8096130086369877
1933-02-01,12.7,-0.015503875968992276,-2.84681895622744
1933-03-01,12.6,-0.007874015748031482,-1.6475130668704112
1933-04-01,12.6,0.0,-0.40982938905396626
1933-05-01,12.6,0.0,-0.40982938905396626
1933-06-01,12.7,0.007936507936507908,0.8376771750943528
1933-07-01,13.1,0.03149606299212593,4.540905322211813
1933-08-01,13.2,0.007633587786259444,0.7900624207375355
1933-09-01,13.2,0.0,-0.40982938905396626
1933-10-01,13.2,0.0,-0.40982938905396626
1933-11-01,13.2,0.0,-0.40982938905396626
1933-12-01,13.2,0.0,-0.40982938905396626
1934-01-01,13.2,0.0,-0.40982938905396626
1934-02-01,13.3,0.007575757575757791,0.7809723312694673
1934-03-01,13.3,0.0,-0.40982938905396626
1934-04-01,13.3,0.0,-0.40982938905396626
1934-05-01,13.3,0.0,-0.40982938905396626
1934-06-01,13.4,0.007518796992481258,0.7720189348760331
1934-07-01,13.4,0.0,-0.40982938905396626
1934-08-01,13.4,0.0,-0.40982938905396626
1934-09-01,13.6,0.014925373134328401,1.9362277315831864
1934-10-01,13.5,-0.007352941176470562,-1.5656075293678502
1934-11-01,13.5,0.0,-0.40982938905396626
1934-12-01,13.4,-0.007407407407407418,-1.5741688489257368
1935-01-01,13.6,0.014925373134328401,1.9362277315831864
1935-02-01,13.7,0.007352941176470562,0.7459487512599176
1935-03-01,13.7,0.0,-0.40982938905396626
1935-04-01,13.8,0.007299270072992803,0.7375124144693254
1935-05-01,13.8,0.0,-0.40982938905396626
1935-06-01,13.7,-0.007246376811594346,-1.5488571215372409
1935-07-01,13.7,0.0,-0.40982938905396626
1935-08-01,13.7,0.0,-0.40982938905396626
1935-09-01,13.7,0.0,-0.40982938905396626
1935-10-01,13.7,0.0,-0.40982938905396626
1935-11-01,13.8,0.007299270072992803,0.7375124144693254
1935-12-01,13.8,0.0,-0.40982938905396626
1936-01-01,13.8,0.0,-0.40982938905396626
1936-02-01,13.8,0.0,-0.40982938905396626
1936-03-01,13.7,-0.007246376811594346,-1.5488571215372409
1936-04-01,13.7,0.0,-0.40982938905396626
1936-05-01,13.7,0.0,-0.40982938905396626
1936-06-01,13.8,0.007299270072992803,0.7375124144693254
1936-07-01,13.9,0.007246376811594235,0.7291983434292907
1936-08-01,14.0,0.007194244604316502,0.7210038993106941
1936-09-01,14.0,0.0,-0.40982938905396626
1936-10-01,14.0,0.0,-0.40982938905396626
1936-11-01,14.0,0.0,-0.40982938905396626
1936-12-01,14.0,0.0,-0.40982938905396626
1937-01-01,14.1,0.0071428571428571175,0.7129265186795208
1937-02-01,14.1,0.0,-0.40982938905396626
1937-03-01,14.2,0.007092198581560183,0.7049637108232432
1937-04-01,14.3,0.007042253521126751,0.6971130551903193
1937-05-01,14.4,0.006993006993006867,0.6893721989368444
1937-06-01,14.4,0.0,-0.40982938905396626
1937-07-01,14.5,0.00694444444444442,0.681738854575813
1937-08-01,14.5,0.0,-0.40982938905396626
1937-09-01,14.6,0.006896551724137945,0.6742107977231998
1937-10-01,14.6,0.0,-0.40982938905396626
1937-11-01,14.5,-0.006849315068493178,-1.4864446430449896
1937-12-01,14.4,-0.006896551724137945,-1.4938695758311324
1938-01-01,14.2,-0.01388888888888895,-2.592965876313542
1938-02-01,14.1,-0.007042253521126751,-1.516771833298252
1938-03-01,14.1,0.0,-0.40982938905396626
1938-04-01,14.2,0.007092198581560183,0.7049637108232432
1938-05-01,14.1,-0.007042253521126751,-1.516771833298252
1938-06-01,14.1,0.0,-0.40982938905396626
1938-07-01,14.1,0.0,-0.40982938905396626
1938-08-01,14.1,0.0,-0.40982938905396626
1938-09-01,14.1,0.0,-0.40982938905396626
1938-10-01,14.0,-0.007092198581560294,-1.5246224889311932
1938-11-01,14.0,0.0,-0.40982938905396626
1938-12-01,14.0,0.0,-0.40982938905396626
1939-01-01,14.0,0.0,-0.40982938905396626
1939-02-01,13.9,-0.0071428571428571175,-1.5325852967874536
1939-03-01,13.9,0.0,-0.40982938905396626
1939-04-01,13.8,-0.007194244604316502,-1.5406626774186267
1939-05-01,13.8,0.0,-0.40982938905396626
1939-06-01,13.8,0.0,-0.40982938905396626
1939-07-01,13.8,0.0,-0.40982938905396626
1939-08-01,13.8,0.0,-0.40982938905396626
1939-09-01,14.1,0.021739130434782483,3.00725380839577
1939-10-01,14.0,-0.007092198581560294,-1.5246224889311932
1939-11-01,14.0,0.0,-0.40982938905396626
1939-12-01,14.0,0.0,-0.40982938905396626
1940-01-01,13.9,-0.0071428571428571175,-1.5325852967874536
1940-02-01,14.0,0.007194244604316502,0.7210038993106941
1940-03-01,14.0,0.0,-0.40982938905396626
1940-04-01,14.0,0.0,-0.40982938905396626
1940-05-01,14.0,0.0,-0.40982938905396626
1940-06-01,14.1,0.0071428571428571175,0.7129265186795208
1940-07-01,14.0,-0.007092198581560294,-1.5246224889311932
1940-08-01,14.0,0.0,-0.40982938905396626
1940-09-01,14.0,0.0,-0.40982938905396626
1940-10-01,14.0,0.0,-0.40982938905396626
1940-11-01,14.0,0.0,-0.40982938905396626
1940-12-01,14.1,0.0071428571428571175,0.7129265186795208
1941-01-01,14.1,0.0,-0.40982938905396626
1941-02-01,14.1,0.0,-0.40982938905396626
1941-03-01,14.2,0.007092198581560183,0.7049637108232432
1941-04-01,14.3,0.007042253521126751,0.6971130551903193
1941-05-01,14.4,0.006993006993006867,0.6893721989368444
1941-06-01,14.7,0.02083333333333326,2.8648753418353716
1941-07-01,14.7,0.0,-0.40982938905396626
1941-08-01,14.9,0.013605442176870763,1.728753292343162
1941-09-01,15.1,0.01342281879194629,1.7000474845391684
1941-10-01,15.3,0.013245033112582849,1.6721020954849684
1941-11-01,15.4,0.006535947712418277,0.6175289578917083
1941-12-01,15.5,0.006493506493506551,0.6108577997946711
1942-01-01,15.7,0.012903225806451646,1.6183748313678294
1942-02-01,15.8,0.006369426751592355,0.5913542229376817
1942-03-01,16.0,0.012658227848101111,1.5798646246509305
1942-04-01,16.1,0.006250000000000089,0.5725820302128525
1942-05-01,16.3,0.012422360248447228,1.5427895809173264
1942-06-01,16.3,0.0,-0.40982938905396626
1942-07-01,16.4,0.006134969325153339,0.5545008384471862
1942-08-01,16.5,0.0060975609756097615,0.5486207760843808
1942-09-01,16.5,0.0,-0.40982938905396626
1942-10-01,16.7,0.012121212121211977,1.4954533634634506
1942-11-01,16.8,0.005988023952095967,0.531403108447189
1942-12-01,16.9,0.005952380952380931,0.5258005340572731
1943-01-01,16.9,0.0,-0.40982938905396626
1943-02-01,16.9,0.0,-0.40982938905396626
1943-03-01,17.2,0.01775147928994092,2.380451565076618
1943-04-01,17.4,0.011627906976744207,1.417912786326139
1943-05-01,17.5,0.005747126436781658,0.4935374332603446
1943-06-01,17.5,0.0,-0.40982938905396626
1943-07-01,17.4,-0.005714285714285783,-1.3080341152407702
1943-08-01,17.3,-0.005747126436781436,-1.3131962113682423
1943-09-01,17.4,0.005780346820809079,0.49875920679969943
1943-10-01,17.4,0.0,-0.40982938905396626
1943-11-01,17.4,0.0,-0.40982938905396626
1943-12-01,17.4,0.0,-0.40982938905396626
1944-01-01,17.4,0.0,-0.40982938905396626
1944-02-01,17.4,0.0,-0.40982938905396626
1944-03-01,17.4,0.0,-0.40982938905396626
1944-04-01,17.5,0.005747126436781658,0.4935374332603446
1944-05-01,17.5,0.0,-0.40982938905396626
1944-06-01,17.6,0.005714285714285783,0.4883753371328375
1944-07-01,17.7,0.005681818181818121,0.48327190118857405
1944-08-01,17.7,0.0,-0.40982938905396626
1944-09-01,17.7,0.0,-0.40982938905396626
1944-10-01,17.7,0.0,-0.40982938905396626
1944-11-01,17.7,0.0,-0.40982938905396626
1944-12-01,17.8,0.005649717514124353,0.4782261311872225
1945-01-01,17.8,0.0,-0.40982938905396626
1945-02-01,17.8,0.0,-0.40982938905396626
1945-03-01,17.8,0.0,-0.40982938905396626
1945-04-01,17.8,0.0,-0.40982938905396626
1945-05-01,17.9,0.00561797752808979,0.4732370552307868
1945-06-01,18.1,0.011173184357541999,1.3464368353336333
1945-07-01,18.1,0.0,-0.40982938905396626
1945-08-01,18.1,0.0,-0.40982938905396626
1945-09-01,18.1,0.0,-0.40982938905396626
1945-10-01,18.1,0.0,-0.40982938905396626
1945-11-01,18.1,0.0,-0.40982938905396626
1945-12-01,18.2,0.0055248618784529135,0.4586005948282725
1946-01-01,18.2,0.0,-0.40982938905396626
1946-02-01,18.1,-0.005494505494505364,-1.2734877796181698
1946-03-01,18.3,0.011049723756906049,1.327030578710546
1946-04-01,18.4,0.005464480874316724,0.44910955675304226
1946-05-01,18.5,0.005434782608695787,0.44444141030849393
1946-06-01,18.7,0.0108108108108107,1.2894768496777869
1946-07-01,19.8,0.05882352941176472,8.83639573345714
1946-08-01,20.2,0.02020202020202011,2.765641865141752
1946-09-01,20.4,0.00990099009900991,1.146465928596419
1946-10-01,20.8,0.019607843137255054,2.672245651783092
1946-11-01,21.3,0.024038461538461453,3.3686760696645
1946-12-01,21.5,0.009389671361502261,1.0660938699384028
1947-01-01,21.5,0.0,-0.40982938905396626
1947-02-01,21.5,0.0,-0.40982938905396626
1947-03-01,21.9,0.018604651162790642,2.5145580915541883
1947-04-01,21.9,0.0,-0.40982938905396626
1947-05-01,21.9,0.0,-0.40982938905396626
1947-06-01,22.0,0.004566210045662267,0.3079141136067392
1947-07-01,22.2,0.009090909090909038,1.0191326753341052
1947-08-01,22.5,0.013513513513513598,1.71430340936076
1947-09-01,23.0,0.022222222222222143,3.0831889905613274
1947-10-01,23.0,0.0,-0.40982938905396626
1947-11-01,23.1,0.004347826086956497,0.273587250435981
1947-12-01,23.4,0.01298701298701288,1.6315449886432736
1948-01-01,23.7,0.012820512820512775,1.6053735222625491
1948-02-01,23.5,-0.008438818565400852,-1.7362920648572484
1948-03-01,23.4,-0.004255319148936176,-1.0787052489803026
1948-04-01,23.8,0.017094017094017255,2.277107826034756
1948-05-01,23.9,0.004201680672268893,0.2506152625539674
1948-06-01,24.1,0.008368200836820217,0.9055331806756677
1948-07-01,24.4,0.012448132780082943,1.546840657618501
1948-08-01,24.5,0.004098360655737654,0.23437482030130755
1948-09-01,24.5,0.0,-0.40982938905396626
1948-10-01,24.4,-0.004081632653061273,-1.051404193473112
1948-11-01,24.2,-0.008196721311475419,-1.6982378077645315
1948-12-01,24.1,-0.004132231404958553,-1.0593576001394376
1949-01-01,24.0,-0.004149377593361092,-1.0620527379448064
1949-02-01,23.8,-0.008333333333333304,-1.7197112814097015
1949-03-01,23.8,0.0,-0.40982938905396626
1949-04-01,23.9,0.004201680672268893,0.2506152625539674
1949-05-01,23.8,-0.004184100418409997,-1.0675106739187659
1949-06-01,23.9,0.004201680672268893,0.2506152625539674
1949-07-01,23.7,-0.008368200836820106,-1.725191958783583
1949-08-01,23.8,0.0042194092827005925,0.2534019488477009
1949-09-01,23.9,0.004201680672268893,0.2506152625539674
1949-10-01,23.7,-0.008368200836820106,-1.725191958783583
1949-11-01,23.8,0.0042194092827005925,0.2534019488477009
1949-12-01,23.6,-0.008403361344537785,-1.7307186922698337
1950-01-01,23.5,-0.00423728813559332,-1.0758710292348668
1950-02-01,23.5,0.0,-0.40982938905396626
1950-03-01,23.6,0.004255319148936287,0.25904647087238736
1950-04-01,23.6,0.0,-0.40982938905396626
1950-05-01,23.7,0.004237288135593209,0.2562122511269166
1950-06-01,23.8,0.0042194092827005925,0.2534019488477009
1950-07-01,24.1,0.012605042016806678,1.5715045657698348
1950-08-01,24.3,0.008298755186721962,0.8946173087276785
1950-09-01,24.4,0.00411522633744843,0.23702586643032925
1950-10-01,24.6,0.00819672131147553,0.8785790296566163
1950-11-01,24.7,0.00406504065040636,0.22913738770490846
1950-12-01,25.0,0.012145748987854255,1.4993102111406347
1951-01-01,25.4,0.016000000000000014,2.1051438442690564
1951-02-01,25.7,0.011811023622047223,1.4466961276707009
1951-03-01,25.8,0.0038910505836575737,0.20178861515882832
1951-04-01,25.8,0.0,-0.40982938905396626
1951-05-01,25.9,0.003875968992248069,0.19941800273940213
1951-06-01,25.9,0.0,-0.40982938905396626
1951-07-01,25.9,0.0,-0.40982938905396626
1951-08-01,25.9,0.0,-0.40982938905396626
1951-09-01,26.1,0.007722007722007929,0.8039607814687594
1951-10-01,26.2,0.003831417624520883,0.19241515915553942
1951-11-01,26.4,0.007633587786259444,0.7900624207375355
1951-12-01,26.5,0.0037878787878788955,0.18557147110775052
1952-01-01,26.5,0.0,-0.40982938905396626
1952-02-01,26.3,-0.007547169811320753,-1.596137517979919
1952-03-01,26.3,0.0,-0.40982938905396626
1952-04-01,26.4,0.0038022813688212143,0.18783535270529428
1952-05-01,26.4,0.0,-0.40982938905396626
1952-06-01,26.5,0.0037878787878788955,0.18557147110775052
1952-07-01,26.7,0.007547169811320753,0.7764787398719863
1952-08-01,26.7,0.0,-0.40982938905396626
1952-09-01,26.7,0.0,-0.40982938905396626
1952-10-01,26.7,0.0,-0.40982938905396626
1952-11-01,26.7,0.0,-0.40982938905396626
1952-12-01,26.7,0.0,-0.40982938905396626
1953-01-01,26.6,-0.0037453183520598232,-0.9985403519104626
1953-02-01,26.5,-0.003759398496240629,-1.000753551018966
1953-03-01,26.6,0.0037735849056603765,0.18332467540901007
1953-04-01,26.6,0.0,-0.40982938905396626
1953-05-01,26.7,0.003759398496240518,0.18109477291101597
1953-06-01,26.8,0.0037453183520599342,0.1788815738025474
1953-07-01,26.8,0.0,-0.40982938905396626
1953-08-01,26.9,0.003731343283581934,0.1766848911052957
1953-09-01,26.9,0.0,-0.40982938905396626
1953-10-01,27.0,0.003717472118959231,0.174504540621476
1953-11-01,26.9,-0.0037037037037037646,-0.9919991189898603
1953-12-01,26.9,0.0,-0.40982938905396626
1954-01-01,26.9,0.0,-0.40982938905396626
1954-02-01,26.9,0.0,-0.40982938905396626
1954-03-01,26.9,0.0,-0.40982938905396626
1954-04-01,26.8,-0.0037174721189590088,-0.9941633187293737
1954-05-01,26.9,0.003731343283581934,0.1766848911052957
1954-06-01,26.9,0.0,-0.40982938905396626
1954-07-01,26.9,0.0,-0.40982938905396626
1954-08-01,26.9,0.0,-0.40982938905396626
1954-09-01,26.8,-0.0037174721189590088,-0.9941633187293737
1954-10-01,26.8,0.0,-0.40982938905396626
1954-11-01,26.8,0.0,-0.40982938905396626
1954-12-01,26.7,-0.003731343283582156,-0.9963436692132632
1955-01-01,26.7,0.0,-0.40982938905396626
1955-02-01,26.7,0.0,-0.40982938905396626
1955-03-01,26.7,0.0,-0.40982938905396626
1955-04-01,26.7,0.0,-0.40982938905396626
1955-05-01,26.7,0.0,-0.40982938905396626
1955-06-01,26.7,0.0,-0.40982938905396626
1955-07-01,26.8,0.0037453183520599342,0.1788815738025474
1955-08-01,26.8,0.0,-0.40982938905396626
1955-09-01,26.9,0.003731343283581934,0.1766848911052957
1955-10-01,26.9,0.0,-0.40982938905396626
1955-11-01,26.9,0.0,-0.40982938905396626
1955-12-01,26.8,-0.0037174721189590088,-0.9941633187293737
1956-01-01,26.8,0.0,-0.40982938905396626
1956-02-01,26.8,0.0,-0.40982938905396626
1956-03-01,26.8,0.0,-0.40982938905396626
1956-04-01,26.9,0.003731343283581934,0.1766848911052957
1956-05-01,27.0,0.003717472118959231,0.174504540621476
1956-06-01,27.2,0.007407407407407307,0.7545100708177865
1956-07-01,27.4,0.007352941176470562,0.7459487512599176
1956-08-01,27.3,-0.0036496350364962904,-0.9835002908155948
1956-09-01,27.4,0.00366300366300365,0.16594287132218102
1956-10-01,27.5,0.0036496350364965124,0.16384151270769703
1956-11-01,27.5,0.0,-0.40982938905396626
1956-12-01,27.6,0.0036363636363636598,0.1617554367012693
1957-01-01,27.6,0.0,-0.40982938905396626
1957-02-01,27.7,0.0036231884057971175,0.15968447718766224
1957-03-01,27.8,0.0036101083032491488,0.15762847045033337
1957-04-01,27.9,0.003597122302158251,0.1555872551283639
1957-05-01,28.0,0.0035842293906811484,0.15356067217433164
1957-06-01,28.1,0.0035714285714285587,0.15154856481277734
1957-07-01,28.3,0.007117437722419906,0.7089309460541352
1957-08-01,28.3,0.0,-0.40982938905396626
1957-09-01,28.3,0.0,-0.40982938905396626
1957-10-01,28.3,0.0,-0.40982938905396626
1957-11-01,28.4,0.0035335689045936647,0.14559756176825947
1957-12-01,28.4,0.0,-0.40982938905396626
1958-01-01,28.6,0.007042253521126751,0.6971130551903193
1958-02-01,28.6,0.0,-0.40982938905396626
1958-03-01,28.8,0.006993006993006867,0.6893721989368444
1958-04-01,28.9,0.003472222222222099,0.1359547327609059
1958-05-01,28.9,0.0,-0.40982938905396626
1958-06-01,28.9,0.0,-0.40982938905396626
1958-07-01,29.0,0.0034602076124568004,0.1340662063878717
1958-08-01,28.9,-0.0034482758620689724,-0.9518494824425494
1958-09-01,28.9,0.0,-0.40982938905396626
1958-10-01,28.9,0.0,-0.40982938905396626
1958-11-01,29.0,0.0034602076124568004,0.1340662063878717
1958-12-01,28.9,-0.0034482758620689724,-0.9518494824425494
1959-01-01,29.0,0.0034602076124568004,0.1340662063878717
1959-02-01,28.9,-0.0034482758620689724,-0.9518494824425494
1959-03-01,28.9,0.0,-0.40982938905396626
1959-04-01,29.0,0.0034602076124568004,0.1340662063878717
1959-05-01,29.0,0.0,-0.40982938905396626
1959-06-01,29.1,0.0034482758620690834,0.13219070433463423
1959-07-01,29.2,0.0034364261168384758,0.13032809232984202
1959-08-01,29.2,0.0,-0.40982938905396626
1959-09-01,29.3,0.0034246575342467,0.12847823794156282
1959-10-01,29.4,0.0034129692832762792,0.12664101054562718
1959-11-01,29.4,0.0,-0.40982938905396626
1959-12-01,29.4,0.0,-0.40982938905396626
1960-01-01,29.3,-0.00340136054421758,-0.9444750594032311
1960-02-01,29.4,0.0034129692832762792,0.12664101054562718
1960-03-01,29.4,0.0,-0.40982938905396626
1960-04-01,29.5,0.003401360544217802,0.1248162812953333
1960-05-01,29.5,0.0,-0.40982938905396626
1960-06-01,29.6,0.003389830508474523,0.12300392309073302
1960-07-01,29.6,0.0,-0.40982938905396626
1960-08-01,29.6,0.0,-0.40982938905396626
1960-09-01,29.6,0.0,-0.40982938905396626
1960-10-01,29.8,0.006756756756756799,0.6522370101533969
1960-11-01,29.8,0.0,-0.40982938905396626
1960-12-01,29.8,0.0,-0.40982938905396626
1961-01-01,29.8,0.0,-0.40982938905396626
1961-02-01,29.8,0.0,-0.40982938905396626
1961-03-01,29.8,0.0,-0.40982938905396626
1961-04-01,29.8,0.0,-0.40982938905396626
1961-05-01,29.8,0.0,-0.40982938905396626
1961-06-01,29.8,0.0,-0.40982938905396626
1961-07-01,30.0,0.006711409395973034,0.6451090477425836
1961-08-01,29.9,-0.0033333333333334103,-0.9337821459962744
1961-09-01,30.0,0.0033444816053511683,0.11587571824599581
1961-10-01,30.0,0.0,-0.40982938905396626
1961-11-01,30.0,0.0,-0.40982938905396626
1961-12-01,30.0,0.0,-0.40982938905396626
1962-01-01,30.0,0.0,-0.40982938905396626
1962-02-01,30.1,0.0033333333333334103,0.11412336788834172
1962-03-01,30.1,0.0,-0.40982938905396626
1962-04-01,30.2,0.0033222591362125353,0.11238266105462026
1962-05-01,30.2,0.0,-0.40982938905396626
1962-06-01,30.2,0.0,-0.40982938905396626
1962-07-01,30.3,0.0033112582781458233,0.11065348208078486
1962-08-01,30.3,0.0,-0.40982938905396626
1962-09-01,30.4,0.0033003300330032292,0.10893571682948383
1962-10-01,30.4,0.0,-0.40982938905396626
1962-11-01,30.4,0.0,-0.40982938905396626
1962-12-01,30.4,0.0,-0.40982938905396626
1963-01-01,30.4,0.0,-0.40982938905396626
1963-02-01,30.4,0.0,-0.40982938905396626
1963-03-01,30.5,0.00328947368421062,0.10722925266541937
1963-04-01,30.5,0.0,-0.40982938905396626
1963-05-01,30.5,0.0,-0.40982938905396626
1963-06-01,30.6,0.003278688524590123,0.10553397843025279
1963-07-01,30.7,0.0032679738562091387,0.10384978441887101
1963-08-01,30.7,0.0,-0.40982938905396626
1963-09-01,30.7,0.0,-0.40982938905396626
1963-10-01,30.8,0.0032573289902280145,0.10217656235544362
1963-11-01,30.8,0.0,-0.40982938905396626
1963-12-01,30.9,0.0032467532467532756,0.10051420537035244
1964-01-01,30.9,0.0,-0.40982938905396626
1964-02-01,30.9,0.0,-0.40982938905396626
1964-03-01,30.9,0.0,-0.40982938905396626
1964-04-01,30.9,0.0,-0.40982938905396626
1964-05-01,30.9,0.0,-0.40982938905396626
1964-06-01,31.0,0.003236245954692629,0.09886260797740037
1964-07-01,31.1,0.003225806451612856,0.09722166605147393
1964-08-01,31.0,-0.003215434083601365,-0.9152500549147143
1964-09-01,31.1,0.003225806451612856,0.09722166605147393
1964-10-01,31.1,0.0,-0.40982938905396626
1964-11-01,31.2,0.003215434083601254,0.09559127680676427
1964-12-01,31.2,0.0,-0.40982938905396626
1965-01-01,31.2,0.0,-0.40982938905396626
1965-02-01,31.2,0.0,-0.40982938905396626
1965-03-01,31.3,0.0032051282051281937,0.0939713387751626
1965-04-01,31.4,0.0031948881789136685,0.09236175178528404
1965-05-01,31.4,0.0,-0.40982938905396626
1965-06-01,31.6,0.006369426751592355,0.5913542229376817
1965-07-01,31.6,0.0,-0.40982938905396626
1965-08-01,31.6,0.0,-0.40982938905396626
1965-09-01,31.6,0.0,-0.40982938905396626
1965-10-01,31.7,0.0031645569620253333,0.08759411437226666
1965-11-01,31.7,0.0,-0.40982938905396626
1965-12-01,31.8,0.003154574132492094,0.08602495505545893
1966-01-01,31.8,0.0,-0.40982938905396626
1966-02-01,32.0,0.0062893081761006275,0.5787607183843276
1966-03-01,32.1,0.0031250000000000444,0.0813763205794431
1966-04-01,32.3,0.006230529595015355,0.5695215585016922
1966-05-01,32.3,0.0,-0.40982938905396626
1966-06-01,32.4,0.003095975232198178,0.07681403844662377
1966-07-01,32.5,0.0030864197530864335,0.07531205255927281
1966-08-01,32.7,0.006153846153846176,0.5574680083779682
1966-09-01,32.7,0.0,-0.40982938905396626
1966-10-01,32.9,0.006116207951070152,0.5515518163447127
1966-11-01,32.9,0.0,-0.40982938905396626
1966-12-01,32.9,0.0,-0.40982938905396626
1967-01-01,32.9,0.0,-0.40982938905396626
1967-02-01,32.9,0.0,-0.40982938905396626
1967-03-01,33.0,0.003039513677811634,0.06793908232200058
1967-04-01,33.1,0.003030303030303161,0.06649129907541415
1967-05-01,33.2,0.0030211480362538623,0.06505226376383806
1967-06-01,33.3,0.0030120481927708997,0.06362189733964557
1967-07-01,33.4,0.0030030030030030463,0.06220012170486567
1967-08-01,33.5,0.0029940119760478723,0.060786859696593885
1967-09-01,33.6,0.0029850746268658135,0.05938203507348518
1967-10-01,33.7,0.0029761904761904656,0.0579855725016534
1967-11-01,33.8,0.0029673590504448732,0.05659739754151311
1967-12-01,33.9,0.002958579881656931,0.05521743663448186
1968-01-01,34.1,0.005899705014749346,0.5175206232332962
1968-02-01,34.2,0.0029325513196480912,0.05112611558734935
1968-03-01,34.3,0.0029239766081869956,0.049778292474341616
1968-04-01,34.4,0.00291545189504383,0.0484383283882905
1968-05-01,34.5,0.0029069767441860517,0.04710615479106003
1968-06-01,34.7,0.005797101449275477,0.5013927969326533
1968-07-01,34.9,0.0057636887608067955,0.4961407958606474
1968-08-01,35.0,0.002865329512893977,0.04055980029471124
1968-09-01,35.1,0.0028571428571428914,0.03927297403943559
1968-10-01,35.3,0.005698005698005604,0.48581634930891787
1968-11-01,35.4,0.0028328611898016387,0.035456240075454074
1968-12-01,35.5,0.0028248587570622874,0.03419837106664555
1969-01-01,35.6,0.0028169014084507005,0.03294758864374798
1969-02-01,35.8,0.00561797752808979,0.4732370552307868
1969-03-01,36.1,0.008379888268156499,0.9073702792367334
1969-04-01,36.3,0.005540166204986097,0.4610062180523344
1969-05-01,36.4,0.0027548209366392573,0.023189418336382737
1969-06-01,36.6,0.005494505494505475,0.4538290015102547
1969-07-01,36.8,0.005464480874316724,0.44910955675304226
1969-08-01,37.0,0.005434782608695787,0.44444141030849393
1969-09-01,37.1,0.002702702702702675,0.014997170628972002
1969-10-01,37.3,0.005390835579514697,0.43753356017883716
1969-11-01,37.5,0.00536193029490617,0.43299005911058536
1969-12-01,37.7,0.005333333333333412,0.42849502205371953
1970-01-01,37.8,0.0026525198938991412,0.007109144321856094
1970-02-01,38.0,0.005291005291005346,0.42184165371159144
1970-03-01,38.2,0.0052631578947368585,0.41746443769702984
1970-04-01,38.5,0.00785340314136107,0.8246142791346597
1970-05-01,38.6,0.0025974025974027093,-0.001554513514497343
1970-06-01,38.8,0.005181347150258864,0.4046049481620057
1970-07-01,39.0,0.005154639175257714,0.4004068330217462
1970-08-01,39.0,0.0,-0.40982938905396626
1970-09-01,39.2,0.00512820512820511,0.39625177547263996
1970-10-01,39.4,0.005102040816326481,0.3921391164699482
1970-11-01,39.6,0.005076142131979822,0.3880682103505651
1970-12-01,39.8,0.005050505050504972,0.38403842449495457
1971-01-01,39.8,0.0,-0.40982938905396626
1971-02-01,39.9,0.002512562814070307,-0.01489012502711709
1971-03-01,40.0,0.0025062656641603454,-0.01587994774397811
1971-04-01,40.1,0.0024999999999999467,-0.016864821347252732
1971-05-01,40.3,0.004987531172069737,0.3741398233285074
1971-06-01,40.6,0.007444168734491496,0.7602884304201721
1971-07-01,40.7,0.0024630541871921707,-0.022672179490685195
1971-08-01,40.8,0.002457002457002311,-0.023623425705859607
1971-09-01,40.8,0.0,-0.40982938905396626
1971-10-01,40.9,0.002450980392156854,-0.02457000894933831
1971-11-01,40.9,0.0,-0.40982938905396626
1971-12-01,41.1,0.004889975550122383,0.3588054622061465
1972-01-01,41.1,0.0,-0.40982938905396626
1972-02-01,41.3,0.0048661800486617945,0.3550651466282166
1972-03-01,41.4,0.002421307506053294,-0.029234166093456814
1972-04-01,41.5,0.0024154589371980784,-0.030153478226213944
1972-05-01,41.6,0.002409638554216942,-0.031068359939041893
1972-06-01,41.7,0.0024038461538462563,-0.03197884318210217
1972-07-01,41.9,0.004796163069544335,0.3440594698558073
1972-08-01,42.0,0.0023866348448686736,-0.03468421701891922
1972-09-01,42.1,0.0023809523809523725,-0.03557741980947054
1972-10-01,42.3,0.004750593824227822,0.3368966303411974
1972-11-01,42.4,0.0023640661938535423,-0.038231689094873185
1972-12-01,42.5,0.002358490566037874,-0.039108098764584244
1973-01-01,42.6,0.0023529411764706687,-0.03998038415350947
1973-02-01,42.9,0.007042253521126751,0.6971130551903193
1973-03-01,43.3,0.00932400932400923,1.0557727282671263
1973-04-01,43.6,0.006928406466512715,0.6792179117498841
1973-05-01,43.9,0.006880733944954143,0.6717244670195824
1973-06-01,44.2,0.006833712984054774,0.6643334383903924
1973-07-01,44.3,0.002262443438913797,-0.05420534588049844
1973-08-01,45.1,0.01805869074492117,2.4287408517169644
1973-09-01,45.2,0.0022172949002217113,-0.061302056276388725
1973-10-01,45.6,0.008849557522123908,0.9811956293769099
1973-11-01,45.9,0.006578947368421018,0.6242878943847701
1973-12-01,46.2,0.0065359477124184995,0.6175289578917431
1974-01-01,46.6,0.008658008658008587,0.9510868627441936
1974-02-01,47.2,0.012875536480686733,1.6140224617961096
1974-03-01,47.8,0.012711864406779627,1.5882955314886822
1974-04-01,48.0,0.004184100418409997,0.24785189581083328
1974-05-01,48.6,0.012499999999999956,1.5549934494796362
1974-06-01,49.0,0.008230452674897082,0.8838811219146596
1974-07-01,49.4,0.008163265306122325,0.8733202197842899
1974-08-01,50.0,0.012145748987854255,1.4993102111406347
1974-09-01,50.6,0.01200000000000001,1.4764005359383006
1974-10-01,51.1,0.009881422924901129,1.1433902461504593
1974-11-01,51.5,0.007827788649706457,0.8205880440786267
1974-12-01,51.9,0.007766990291262044,0.8110314038212717
1975-01-01,52.1,0.003853564547206201,0.19589634151516744
1975-02-01,52.5,0.007677543186180413,0.7969715866288635
1975-03-01,52.7,0.003809523809523929,0.18897376173724786
1975-04-01,52.9,0.003795066413662118,0.18670126401124723
1975-05-01,53.2,0.005671077504725952,0.48158361897641333
1975-06-01,53.6,0.007518796992481258,0.7720189348760331
1975-07-01,54.2,0.011194029850746245,1.3497134514238893
1975-08-01,54.3,0.0018450184501843658,-0.11981863797891613
1975-09-01,54.6,0.005524861878453136,0.45860059482830734
1975-10-01,54.9,0.005494505494505475,0.4538290015102547
1975-11-01,55.3,0.007285974499089187,0.7354225386887466
1975-12-01,55.5,0.003616636528029016,0.15865461486173849
1976-01-01,55.6,0.0018018018018017834,-0.12661168259867409
1976-02-01,55.8,0.003597122302158251,0.1555872551283639
1976-03-01,55.9,0.0017921146953405742,-0.12813435843981733
1976-04-01,56.1,0.003577817531305927,0.15255281875529955
1976-05-01,56.5,0.007130124777183555,0.7109251712504028
1976-06-01,56.8,0.005309734513274211,0.4247856220045385
1976-07-01,57.1,0.00528169014084523,0.42037744412927414
1976-08-01,57.4,0.005253940455341555,0.41601558686209444
1976-09-01,57.6,0.0034843205574912606,0.13785641959651274
1976-10-01,57.9,0.005208333333333259,0.40884679366835947
1976-11-01,58.0,0.0017271157167531026,-0.13835127664861901
1976-12-01,58.2,0.0034482758620690834,0.13219070433463423
1977-01-01,58.5,0.005154639175257714,0.4004068330217462
1977-02-01,59.1,0.01025641025641022,1.2023329399992462
1977-03-01,59.5,0.006768189509306133,0.6540340768186956
1977-04-01,60.0,0.008403361344537785,0.911059914161901
1977-05-01,60.3,0.004999999999999893,0.3760997463594608
1977-06-01,60.7,0.0066334991708127955,0.6328626645625731
1977-07-01,61.0,0.0049423393739702615,0.3670363131668875
1977-08-01,61.2,0.003278688524590123,0.10553397843025279
1977-09-01,61.4,0.0032679738562091387,0.10384978441887101
1977-10-01,61.6,0.0032573289902280145,0.10217656235544362
1977-11-01,61.9,0.004870129870129913,0.3556860025825118
1977-12-01,62.1,0.003231017770597866,0.09804081153632446
1978-01-01,62.5,0.006441223832528209,0.6026397064867066
1978-02-01,62.9,0.006399999999999961,0.5961599042752358
1978-03-01,63.4,0.007949125596184325,0.8396604923664384
1978-04-01,63.9,0.007886435331230235,0.8298064712195967
1978-05-01,64.5,0.009389671361502261,1.0660938699384028
1978-06-01,65.2,0.010852713178294726,1.2960633079674861
1978-07-01,65.7,0.0076687116564417845,0.7955833953224918
1978-08-01,66.0,0.004566210045662045,0.3079141136067043
1978-09-01,66.5,0.007575757575757569,0.7809723312694323
1978-10-01,67.1,0.009022556390977376,1.008388599662012
1978-11-01,67.4,0.0044709388971686526,0.2929388393336528
1978-12-01,67.7,0.004451038575667532,0.28981079083928774
1979-01-01,68.3,0.008862629246676468,0.9832503192121012
1979-02-01,69.1,0.01171303074670571,1.4312930365119345
1979-03-01,69.8,0.01013024602026058,1.1825017101918094
1979-04-01,70.6,0.011461318051575908,1.3917273683407438
1979-05-01,71.5,0.012747875354107707,1.5939559420284777
1979-06-01,72.3,0.01118881118881121,1.3488931517313658
1979-07-01,73.1,0.011065006915629283,1.3294328746548936
1979-08-01,73.8,0.009575923392612928,1.095370049494364
1979-09-01,74.6,0.01084010840108407,1.294082015636436
1979-10-01,75.2,0.008042895442359255,0.854399783192861
1979-11-01,75.9,0.009308510638297962,1.053336554534906
1979-12-01,76.7,0.010540184453227797,1.2469382218307425
1980-01-01,77.8,0.014341590612777066,1.844465393096722
1980-02-01,78.9,0.01413881748071999,1.8125923306241831
1980-03-01,80.1,0.015209125475285079,1.9808295779831109
1980-04-01,81.0,0.011235955056179803,1.3563034995155747
1980-05-01,81.8,0.00987654320987641,1.142623224108371
1980-06-01,82.7,0.011002444987775029,1.3195990262812352
1980-07-01,82.7,0.0,-0.40982938905396626
1980-08-01,83.3,0.007255139056831839,0.7305756441940647
1980-09-01,84.0,0.008403361344537785,0.911059914161901
1980-10-01,84.8,0.00952380952380949,1.0871784879240167
1980-11-01,85.5,0.008254716981132004,0.8876951269587835
1980-12-01,86.3,0.009356725146198785,1.0609151918366817
1981-01-01,87.0,0.008111239860950192,0.8651425571555631
1981-02-01,87.9,0.010344827586207028,1.2162308911118003
1981-03-01,88.5,0.0068259385665527805,0.6631114101452554
1981-04-01,89.1,0.006779661016949046,0.6558372352354322
1981-05-01,89.8,0.007856341189674598,0.8250760986888305
1981-06-01,90.6,0.008908685968819663,0.9904897831748969
1981-07-01,91.6,0.011037527593819041,1.3251135147284794
1981-08-01,92.3,0.007641921397379958,0.7913723462940991
1981-09-01,93.2,0.009750812567713929,1.1228601491304238
1981-10-01,93.4,0.0021459227467810482,-0.07252074724563191
1981-11-01,93.7,0.0032119914346895317,0.09505014119021987
1981-12-01,94.0,0.0032017075773744796,0.09343366457255306
1982-01-01,94.3,0.0031914893617019935,0.09182750589076402
1982-02-01,94.6,0.0031813361611876534,0.0902315666703811
1982-03-01,94.5,-0.0010570824524311906,-0.57598776863396
1982-04-01,94.9,0.004232804232804366,0.2555074451584939
1982-05-01,95.8,0.009483667017913477,1.0808686549335802
1982-06-01,97.0,0.012526096033403045,1.5590953760736783
1982-07-01,97.5,0.005154639175257714,0.4004068330217462
1982-08-01,97.7,0.002051282051282133,-0.08739692324330983
1982-09-01,97.9,0.0020470829068577334,-0.08805696923269872
1982-10-01,98.2,0.003064351378958108,0.07184321691954175
1982-11-01,98.0,-0.0020366598778004397,-0.7299634564321563
1982-12-01,97.6,-0.004081632653061273,-1.051404193473112
1983-01-01,97.8,0.002049180327868827,-0.08772728437632936
1983-02-01,97.9,0.0010224948875257045,-0.2491076844704176
1983-03-01,97.9,0.0,-0.40982938905396626
1983-04-01,98.6,0.007150153217568844,0.7140733582175408
1983-05-01,99.2,0.006085192697768749,0.5466766581023527
1983-06-01,99.5,0.003024193548387011,0.06553097510737738
1983-07-01,99.9,0.004020100502512669,0.22207343338902036
1983-08-01,100.2,0.0030030030030030463,0.06220012170486567
1983-09-01,100.7,0.004990019960079861,0.3745310255303123
1983-10-01,101.0,0.002979145978152964,0.0584501355220732
1983-11-01,101.2,0.001980198019801982,-0.09857032552388924
1983-12-01,101.3,0.0009881422924900019,-0.25450742553354117
1984-01-01,101.9,0.005923000987166915,0.5211824199254473
1984-02-01,102.4,0.004906771344455274,0.36144552302987276
1984-03-01,102.6,0.001953124999999778,-0.10282582053312468
1984-04-01,103.1,0.004873294346978474,0.35618341349323684
1984-05-01,103.4,0.0029097963142581396,0.047549351244858755
1984-06-01,103.7,0.0029013539651836506,0.046222333623064445
1984-07-01,104.1,0.0038572806171648377,0.19648045504511294
1984-08-01,104.5,0.003842459173871271,0.19415073422245446
1984-09-01,105.0,0.004784688995215225,0.34225590799237793
1984-10-01,105.3,0.0028571428571428914,0.03927297403943559
1984-11-01,105.3,0.0,-0.40982938905396626
1984-12-01,105.3,0.0,-0.40982938905396626
1985-01-01,105.5,0.0018993352326686086,-0.11128080959965993
1985-02-01,106.0,0.004739336492890933,0.3351271374042646
1985-03-01,106.4,0.0037735849056603765,0.18332467540901007
1985-04-01,106.9,0.0046992481203007586,0.328825813402279
1985-05-01,107.3,0.0037418147801682178,0.1783308619570043
1985-06-01,107.6,0.002795899347623365,0.02964636234216233
1985-07-01,107.8,0.0018587360594795044,-0.1176624242162626
1985-08-01,108.0,0.0018552875695732052,-0.11820447795437054
1985-09-01,108.3,0.002777777777777768,0.02679790839794542
1985-10-01,108.7,0.003693444136657398,0.17072768235023417
1985-11-01,109.0,0.002759889604415866,0.023986141073056355
1985-12-01,109.3,0.0027522935779815683,0.02279215337543929
1986-01-01,109.6,0.0027447392497712553,0.021604720047647154
1986-02-01,109.3,-0.0027372262773722733,-0.8400825653751964
1986-03-01,108.8,-0.0045745654162854255,-1.1288862375566555
1986-04-01,108.6,-0.0018382352941176405,-0.6987739241324373
1986-05-01,108.9,0.002762430939226679,0.024385602887187986
1986-06-01,109.5,0.005509641873278293,0.45620822572669684
1986-07-01,109.5,0.0,-0.40982938905396626
1986-08-01,109.7,0.0018264840182649067,-0.1227319879896841
1986-09-01,110.2,0.004557885141294404,0.3066055566282924
1986-10-01,110.3,0.0009074410163338875,-0.26719252237276847
1986-11-01,110.4,0.0009066183136900996,-0.26732183956827543
1986-12-01,110.5,0.0009057971014492239,-0.2674509224935679
1987-01-01,111.2,0.0063348416289592535,0.5859179318318414
1987-02-01,111.6,0.003597122302158251,0.1555872551283639
1987-03-01,112.1,0.0044802867383513245,0.2944081874813887
1987-04-01,112.7,0.00535236396074934,0.43148636696399467
1987-05-01,113.1,0.003549245785270605,0.14806174522354096
1987-06-01,113.5,0.0035366931918656697,0.1460886554471535
1987-07-01,113.8,0.002643171806167466,0.0056397574201111625
1987-08-01,114.4,0.005272407732864748,0.41891838115354313
1987-09-01,115.0,0.005244755244755206,0.41457180193915055
1987-10-01,115.3,0.002608695652173809,0.0002205946399880954
1987-11-01,115.4,0.0008673026886383273,-0.2735016986093111
1987-12-01,115.4,0.0,-0.40982938905396626
1988-01-01,115.7,0.0025996533795493715,-0.0012007224611912972
1988-02-01,116.0,0.0025929127052721768,-0.0022602609225471533
1988-03-01,116.5,0.004310344827586299,0.26769572768177563
1988-04-01,117.1,0.0051502145922746045,0.3997113512860502
1988-05-01,117.5,0.0034158838599487318,0.12709914069048253
1988-06-01,118.0,0.004255319148936065,0.25904647087235244
1988-07-01,118.5,0.004237288135593209,0.2562122511269166
1988-08-01,119.0,0.00421940928270037,0.253401948847666
1988-09-01,119.8,0.006722689075630228,0.6468820535187275
1988-10-01,120.2,0.0033388981636059967,0.114998080337313
1988-11-01,120.3,0.0008319467554076532,-0.27905915021645494
1988-12-01,120.5,0.0016625103906899863,-0.14850631825979674
1989-01-01,121.1,0.004979253112033177,0.3728386296150207
1989-02-01,121.6,0.004128819157720898,0.23916246512724343
1989-03-01,122.3,0.005756578947368363,0.4950232339549237
1989-04-01,123.1,0.006541291905151292,0.6183689892465364
1989-05-01,123.8,0.005686433793663737,0.48399740995401974
1989-06-01,124.1,0.0024232633279481774,-0.028926738611283132
1989-07-01,124.4,0.00241740531829171,-0.029847534704193362
1989-08-01,124.6,0.001607717041800516,-0.15711905612361846
1989-09-01,125.0,0.0032102728731941976,0.09478000768018333
1989-10-01,125.6,0.0047999999999999154,0.3446625809429265
1989-11-01,125.9,0.0023885350318473275,-0.03438553455706774
1989-12-01,126.1,0.001588562351072298,-0.16012990202824653
1990-01-01,127.4,0.01030927835051565,1.2106430550974934
1990-02-01,128.0,0.0047095761381474865,0.3304492314296417
1990-03-01,128.7,0.005468749999999911,0.44978060280447396
1990-04-01,128.9,0.0015540015540016494,-0.16556236950043338
1990-05-01,129.2,0.002327385570209284,-0.04399736326030479
1990-06-01,129.9,0.005417956656346812,0.4417966090720663
1990-07-01,130.4,0.0038491147036181506,0.19519688917039116
1990-08-01,131.6,0.009202453987730008,1.0366659521977624
1990-09-01,132.7,0.008358662613981771,0.9040339072299076
1990-10-01,133.5,0.006028636021100375,0.5377867501031862
1990-11-01,133.8,0.0022471910112360494,-0.05660281134004411
1990-12-01,133.8,0.0,-0.40982938905396626
1991-01-01,134.6,0.005979073243647104,0.5299961839366785
1991-02-01,134.8,0.0014858841010403356,-0.17626946768292365
1991-03-01,135.0,0.0014836795252224366,-0.17661599575622658
1991-04-01,135.2,0.001481481481481417,-0.1769614970796227
1991-05-01,135.6,0.002958579881656931,0.05521743663448186
1991-06-01,136.0,0.002949852507374784,0.0538456170896824
1991-07-01,136.2,0.0014705882352941124,-0.1786737609911895
1991-08-01,136.6,0.002936857562408246,0.05180299591722312
1991-09-01,137.2,0.004392386530014614,0.28059152053324216
1991-10-01,137.4,0.001457725947521915,-0.1806955303328379
1991-11-01,137.8,0.0029112081513829047,0.04777127203102101
1991-12-01,137.9,0.0007256894049345597,-0.2957612997341833
1992-01-01,138.1,0.0014503263234226793,-0.18185864636697727
1992-02-01,138.6,0.003620564808110016,0.15927208481528296
1992-03-01,139.3,0.005050505050505194,0.3840384244949895
1992-04-01,139.5,0.00143575017946862,-0.1841498096100724
1992-05-01,139.7,0.0014336917562722817,-0.18447336456267505
1992-06-01,140.2,0.0035790980672869566,0.15275410086258687
1992-07-01,140.5,0.0021398002853068032,-0.07348311141624302
1992-08-01,140.9,0.002846975088967918,0.03767474498926735
1992-09-01,141.3,0.002838892831795725,0.03640432871096123
1992-10-01,141.8,0.0035385704175512345,0.14638372871915986
1992-11-01,142.0,0.0014104372355430161,-0.18812864563691617
1992-12-01,141.9,-0.0007042253521126751,-0.5205236334783948
1993-01-01,142.6,0.0049330514446792595,0.3655763823193958
1993-02-01,143.1,0.003506311360448766,0.1413130621476007
1993-03-01,143.6,0.0034940600978337066,0.13938733730064534
1993-04-01,144.0,0.0027855153203342198,0.028014140424268807
1993-05-01,144.2,0.001388888888888884,-0.19151574032801044
1993-06-01,144.4,0.0013869625520113171,-0.19181853318335065
1993-07-01,144.4,0.0,-0.40982938905396626
1993-08-01,144.8,0.0027700831024930483,0.02558841449918405
1993-09-01,145.1,0.002071823204419676,-0.08416814509815293
1993-10-01,145.7,0.004135079255685792,0.240146463803474
1993-11-01,145.8,0.000686341798215695,-0.30194618584001237
1993-12-01,145.8,0.0,-0.40982938905396626
1994-01-01,146.2,0.00274348422496562,0.021407447935564074
1994-02-01,146.7,0.0034199726402188713,0.1277418389990038
1994-03-01,147.2,0.0034083162917519783,0.1259096262244712
1994-04-01,147.4,0.0013586956521740579,-0.19626168921333378
1994-05-01,147.5,0.0006784260515604323,-0.3031904290249969
1994-06-01,148.0,0.003389830508474523,0.12300392309073302
1994-07-01,148.4,0.002702702702702675,0.014997170628972002
1994-08-01,149.0,0.0040431266846361336,0.22569282287065373
1994-09-01,149.4,0.0026845637583892135,0.0121459856646537
1994-10-01,149.5,0.0006693440428380271,-0.3046179920776003
1994-11-01,149.7,0.0013377926421402897,-0.19954734613400937
1994-12-01,149.7,0.0,-0.40982938905396626
1995-01-01,150.3,0.004008016032064354,0.2201739259067457
1995-02-01,150.9,0.003992015968063756,0.21765894261343563
1995-03-01,151.4,0.003313452617627499,0.11099840114711228
1995-04-01,151.9,0.0033025099075296716,0.10927836220985915
1995-05-01,152.2,0.0019749835418036987,-0.09938996756085387
1995-06-01,152.5,0.001971090670170872,-0.10000187180818648
1995-07-01,152.5,0.0,-0.40982938905396626
1995-08-01,152.9,0.0026229508196722318,0.002461304933429914
1995-09-01,153.2,0.0019620667102679956,-0.10142031040908112
1995-10-01,153.7,0.0032637075718016106,0.10317918497570373
1995-11-01,153.6,-0.0006506180871828082,-0.5120973312027529
1995-12-01,153.5,-0.0006510416666666297,-0.5121639118942526
1996-01-01,154.4,0.005863192182410382,0.5117813234829646
1996-02-01,154.9,0.0032383419689119286,0.09919207170603803
1996-03-01,155.7,0.005164622336991442,0.4019760445557626
1996-04-01,156.3,0.003853564547206423,0.19589634151520235
1996-05-01,156.6,0.0019193857965449368,-0.108129145133285
1996-06-01,156.7,0.0006385696040867028,-0.30945529768573277
1996-07-01,157.0,0.0019144862795150708,-0.1088992797699302
1996-08-01,157.3,0.0019108280254778176,-0.10947430545645444
1996-09-01,157.8,0.0031786395422759295,0.08980769639641495
1996-10-01,158.3,0.003168567807350975,0.08822456241207836
1996-11-01,158.6,0.0018951358180667732,-0.11194089805711255
1996-12-01,158.6,0.0,-0.40982938905396626
1997-01-01,159.1,0.0031525851197982124,0.0857123104500932
1997-02-01,159.6,0.00314267756128217,0.08415498267037894
1997-03-01,160.0,0.0025062656641603454,-0.01587994774397811
1997-04-01,160.2,0.0012499999999999734,-0.2133471052006095
1997-05-01,160.1,-0.0006242197253433224,-0.5079478828633852
1997-06-01,160.3,0.0012492192379762734,-0.21346982992505953
1997-07-01,160.5,0.0012476606363067688,-0.21371482001757308
1997-08-01,160.8,0.0018691588785046953,-0.11602410478725478
1997-09-01,161.2,0.0024875621890545485,-0.018819868947803266
1997-10-01,161.6,0.002481389578163906,-0.0197901158959085
1997-11-01,161.5,-0.0006188118811880639,-0.5070978464071066
1997-12-01,161.3,-0.0012383900928791824,-0.6044867600541883
1998-01-01,161.6,0.0018598884066955979,-0.11748129156601451
1998-02-01,161.9,0.0018564356435644136,-0.11802401699451033
1998-03-01,162.2,0.0018529956763433386,-0.11856473108729233
1998-04-01,162.5,0.0018495684340320562,-0.11910344500460406
1998-05-01,162.8,0.0018461538461538307,-0.11964016982438944
1998-06-01,163.0,0.0012285012285011554,-0.21672640737991294
1998-07-01,163.2,0.0012269938650306678,-0.21696334355373578
1998-08-01,163.4,0.001225490196078427,-0.2171996990016523
1998-09-01,163.6,0.001223990208078174,-0.2174354758560862
1998-10-01,164.0,0.0024449877750611915,-0.025511963423909892
1998-11-01,164.0,0.0,-0.40982938905396626
1998-12-01,163.9,-0.0006097560975609762,-0.505674405567801
1999-01-01,164.3,0.0024405125076265577,-0.026215412037039025
1999-02-01,164.5,0.0012172854534386879,-0.2184893682594803
1999-03-01,165.0,0.003039513677811634,0.06793908232200058
1999-04-01,166.2,0.0072727272727270975,0.7333402624564699
1999-05-01,166.2,0.0,-0.40982938905396626
1999-06-01,166.2,0.0,-0.40982938905396626
1999-07-01,166.7,0.0030084235860408093,0.06305216053292682
1999-08-01,167.1,0.002399520095980767,-0.032658838165696646
1999-09-01,167.9,0.004787552363854086,0.34270598896012
1999-10-01,168.2,0.0017867778439546456,-0.12897323583893192
1999-11-01,168.3,0.0005945303210466157,-0.3163776488145175
1999-12-01,168.3,0.0,-0.40982938905396626
2000-01-01,168.8,0.002970885323826611,0.057151677739541204
2000-02-01,169.8,0.005924170616113722,0.521366269018831
2000-03-01,171.2,0.008244994110718329,0.8861668295311922
2000-04-01,171.3,0.0005841121495329116,-0.31801523772058843
2000-05-01,171.5,0.0011675423234092097,-0.22630828329484556
2000-06-01,172.4,0.005247813411078717,0.41505250234206803
2000-07-01,172.8,0.002320185614849146,-0.04512909419854646
2000-08-01,172.8,0.0,-0.40982938905396626
2000-09-01,173.7,0.005208333333333259,0.40884679366835947
2000-10-01,174.0,0.0017271157167531026,-0.13835127664861901
2000-11-01,174.1,0.0005747126436781436,-0.31949270682253866
2000-12-01,174.0,-0.0005743825387707346,-0.5001141834724988
2001-01-01,175.1,0.006321839080459801,0.5838741154917723
2001-02-01,175.8,0.003997715591090856,0.2185548425730099
2001-03-01,176.2,0.0022753128555175195,-0.052182455987570646
2001-04-01,176.9,0.0039727582292850006,0.21463189901575463
2001-05-01,177.7,0.0045223289994347216,0.30101663506220877
2001-06-01,178.0,0.0016882386043894915,-0.14446220771007987
2001-07-01,177.5,-0.002808988764044895,-0.8513626111963429
2001-08-01,177.5,0.0,-0.40982938905396626
2001-09-01,178.3,0.004507042253521165,0.29861377526238353
2001-10-01,177.7,-0.0033651149747617737,-0.9387777695902371
2001-11-01,177.4,-0.0016882386043892694,-0.6751965703978179
2001-12-01,176.7,-0.003945885005637084,-1.0300665872382115
2002-01-01,177.1,0.002263723825693287,-0.05400408722557861
2002-02-01,177.8,0.0039525691699606735,0.21145846502783883
2002-03-01,178.8,0.0056242969628796935,0.47423038081493285
2002-04-01,179.8,0.005592841163311046,0.4692859749431878
2002-05-01,179.8,0.0,-0.40982938905396626
2002-06-01,179.9,0.0005561735261401246,-0.32240679334613537
2002-07-01,180.1,0.0011117287381878782,-0.23508138785031069
2002-08-01,180.7,0.003331482509716821,0.11383244464738396
2002-09-01,181.0,0.0016602102933038765,-0.14886786096980315
2002-10-01,181.3,0.0016574585635360517,-0.14930039388926675
2002-11-01,181.3,0.0,-0.40982938905396626
2002-12-01,180.9,-0.0022062879205736463,-0.7566265806318805
2003-01-01,181.7,0.004422332780541716,0.2852986466903701
2003-02-01,183.1,0.007705008255366019,0.8012887062446863
2003-03-01,184.2,0.006007646095030017,0.5344874312134124
2003-04-01,183.8,-0.0021715526601518986,-0.7511666899935555
2003-05-01,183.5,-0.0016322089227421843,-0.6663894985469411
2003-06-01,183.7,0.0010899182561308063,-0.23850968651152368
2003-07-01,183.9,0.0010887316276537717,-0.23869620769012623
2003-08-01,184.6,0.0038064165307232223,0.18848534154898222
2003-09-01,185.2,0.003250270855904569,0.10106712367415213
2003-10-01,185.0,-0.001079913606911398,-0.579576502534184
2003-11-01,184.5,-0.002702702702702675,-0.8346559487369046
2003-12-01,184.3,-0.0010840108401083404,-0.5802205295229961
2004-01-01,185.2,0.004883342376559741,0.35776282133351955
2004-02-01,186.2,0.005399568034557323,0.4389061783471747
2004-03-01,187.4,0.0064446831364124435,0.6031834600288803
2004-04-01,188.0,0.0032017075773744796,0.09343366457255306
2004-05-01,189.1,0.005851063829787284,0.5098749183447525
2004-06-01,189.7,0.0031729243786355887,0.08890935367269508
2004-07-01,189.4,-0.001581444385872377,-0.6584100328325907
2004-08-01,189.5,0.000527983104540608,-0.3268379280810651
2004-09-01,189.9,0.0021108179419524475,-0.07803872502719188
2004-10-01,190.9,0.00526592943654558,0.41790008478852797
2004-11-01,191.0,0.0005238344683080598,-0.3274900348985434
2004-12-01,190.3,-0.003664921465968529,-0.9859031008753298
2005-01-01,190.7,0.0021019442984759884,-0.07943353601627602
2005-02-01,191.8,0.0057682223387520715,0.4968534100596194
2005-03-01,193.3,0.007820646506777829,0.8194654004352474
2005-04-01,194.6,0.0067252974650799935,0.6472920553717426
2005-05-01,194.4,-0.0010277492291880241,-0.5713770016774817
2005-06-01,194.5,0.0005144032921811093,-0.3289724821184206
2005-07-01,195.4,0.004627249357326502,0.31750862829523996
2005-08-01,196.4,0.0051177072671442225,0.3946016604991852
2005-09-01,198.8,0.012219959266802416,1.5109750152151384
2005-10-01,199.2,0.002012072434607548,-0.09356011926989963
2005-11-01,197.6,-0.008032128514056214,-1.6723661527703404
2005-12-01,196.8,-0.004048582995951344,-1.0462092557854885
2006-01-01,198.3,0.007621951219512146,0.7882333173689587
2006-02-01,198.7,0.0020171457387794245,-0.09276266775760117
2006-03-01,199.8,0.005535983895319729,0.46034881824831053
2006-04-01,201.5,0.008508508508508372,0.9275875580960168
2006-05-01,202.5,0.00496277915632759,0.3702491572621144
2006-06-01,202.9,0.0019753086419753707,-0.09933886642148489
2006-07-01,203.5,0.0029571217348447476,0.05498823662180085
2006-08-01,203.9,0.0019656019656020263,-0.10086461837545302
2006-09-01,202.9,-0.004904364884747436,-1.1807260397782877
2006-10-01,201.8,-0.005421389847215297,-1.2619950361261945
2006-11-01,201.5,-0.0014866204162538033,-0.6435050487408315
2006-12-01,201.8,0.0014888337468983437,-0.17580582515913162
2007-01-01,202.4,0.0029732408325073845,0.05752193031972906
2007-02-01,203.5,0.005434782608695565,0.444441410308459
2007-03-01,205.4,0.009336609336609403,1.0577532716689368
2007-04-01,206.7,0.006329113924050445,0.5850176177984647
2007-05-01,207.9,0.005805515239477588,0.5027153255044723
2007-06-01,208.4,0.00240500240500241,-0.03179709688780685
2007-07-01,208.3,-0.0004798464491362342,-0.4852544500341366
2007-08-01,207.9,-0.001920307249159925,-0.7116744722660521
2007-09-01,208.5,0.0028860028860029363,0.04380936154543202
2007-10-01,208.9,0.0019184652278176895,-0.10827384549006383
2007-11-01,210.2,0.006223073240785082,0.5683495252949853
2007-12-01,210.0,-0.0009514747859181716,-0.5593877402268383
2008-01-01,211.1,0.005238095238095264,0.41352494328393136
2008-02-01,211.7,0.0028422548555187,0.03693279119052864
2008-03-01,213.5,0.008502598016060459,0.9266585124521255
2008-04-01,214.8,0.006088992974238927,0.5472740077024605
2008-05-01,216.6,0.008379888268156277,0.9073702792366984
2008-06-01,218.8,0.010156971375808066,1.1867025573076198
2008-07-01,219.964,0.005319926873857295,0.42638771663271546
2008-08-01,219.086,-0.00399156225564179,-1.0372464035590638
2008-09-01,218.783,-0.0013830185406644713,-0.6272203022390045
2008-10-01,216.573,-0.01010133328457874,-1.9976158160283688
2008-11-01,212.425,-0.019152895328595876,-3.4203930823074753
2008-12-01,210.228,-0.010342473814287434,-2.0355196896337877
2009-01-01,211.143,0.004352417375421025,0.27430893591065303
2009-02-01,212.193,0.004972933035904736,0.37184520322154613
2009-03-01,212.709,0.0024317484554154944,-0.02759299683243087
2009-04-01,213.24,0.002496368277788097,-0.01743567660685692
2009-05-01,213.856,0.0028887638341774657,0.04424334346777786
2009-06-01,215.693,0.008589892263953347,0.9403799310067305
2009-07-01,215.351,-0.0015855869221532704,-0.659061180824123
2009-08-01,215.834,0.002242850044810618,-0.057285149737963705
2009-09-01,215.969,0.0006254806934959944,-0.31151268892254463
2009-10-01,216.177,0.000963101185818438,-0.25844353259677677
2009-11-01,216.33,0.0007077533687673832,-0.29858059041370594
2009-12-01,215.949,-0.001761198169463296,-0.686664779977572
2010-01-01,216.687,0.0034174735701484327,0.12734902060304432
2010-02-01,216.741,0.0002492073820765661,-0.3706575205871496
2010-03-01,217.631,0.004106283536571276,0.23562018487801797
2010-04-01,218.009,0.001736884910697345,-0.1368156978185621
2010-05-01,218.178,0.000775197354237811,-0.2879793517757839
2010-06-01,217.965,-0.0009762670846739097,-0.5632847382120402
2010-07-01,218.011,0.00021104305737162932,-0.3766564115309474
2010-08-01,218.312,0.0013806642784079948,-0.19280853252888194
2010-09-01,218.439,0.0005817362307156682,-0.31838869848495815
2010-10-01,218.711,0.0012451988884769616,-0.21410177188627033
2010-11-01,218.803,0.0004206464238194485,-0.343709733016531
2010-12-01,219.179,0.001718440789203024,-0.13971485231046052
2011-01-01,220.223,0.004763230053974166,0.3388828665650832
2011-02-01,221.309,0.00493136502545144,0.3653113011182628
2011-03-01,223.467,0.0097510720305094,1.1229009330045272
2011-04-01,224.906,0.006439429535457064,0.6023576684175467
2011-05-01,225.964,0.004704187527233561,0.3296022181663095
2011-06-01,225.722,-0.0010709670566992902,-0.578170231639557
2011-07-01,225.922,0.0008860456667936223,-0.2705555680859783
2011-08-01,226.545,0.0027575889023645495,0.023624503318249317
2011-09-01,226.889,0.0015184621156945077,-0.17114866550479566
2011-10-01,226.421,-0.0020626826333582926,-0.734053864787488
2011-11-01,226.23,-0.0008435613304419443,-0.5424252744744567
2011-12-01,225.672,-0.0024665163771382392,-0.7975308058074376
2012-01-01,226.655,0.004355879329292156,0.2748531059932089
2012-02-01,227.663,0.004447287728044813,0.28922121075344953
2012-03-01,229.392,0.0075945586239309915,0.7839275895765933
2012-04-01,230.085,0.0030210295040804525,0.06503363218612473
2012-05-01,229.815,-0.0011734793663211729,-0.5942837138136293
2012-06-01,229.478,-0.0014663968844504938,-0.6403261961677952
2012-07-01,229.104,-0.0016297858618254946,-0.6660086277126794
2012-08-01,230.379,0.005565158181437102,0.46493460254121677
2012-09-01,231.407,0.004462212267611232,0.29156713684902535
2012-10-01,231.317,-0.00038892514055322014,-0.4709629089450752
2012-11-01,230.221,-0.00473808669488196,-1.1545894649784705
2012-12-01,229.601,-0.002693064490207231,-0.8331409583342095
2013-01-01,230.28,0.002957304192926058,0.05501691644621953
2013-02-01,232.166,0.008190029529268728,0.8775271763357828
2013-03-01,232.773,0.0026145085843749527,0.0011343051958004372
2013-04-01,232.531,-0.0010396394770870732,-0.573245980127712
2013-05-01,232.945,0.0017804077735872337,-0.12997452061820847
2013-06-01,233.504,0.002399708085599528,-0.03262928886198879
2013-07-01,233.596,0.0003939975332329926,-0.3478985609241992
2013-08-01,233.877,0.0012029315570472043,-0.22074559733563487
2013-09-01,234.149,0.001163004485263519,-0.22702156713694333
2013-10-01,233.546,-0.002575283259804717,-0.8146274182185737
2013-11-01,233.069,-0.002042424190523473,-0.7308695246950896
2013-12-01,233.049,-8.58114978825597e-05,-0.42331774032184083
2014-01-01,233.916,0.003720247673236088,0.17494081841609666
2014-02-01,234.781,0.003697908650968751,0.1714294407247867
2014-03-01,236.293,0.006440044126228228,0.6024542733762295
2014-04-01,237.072,0.003296754453157691,0.1083736863541627
2014-05-01,237.9,0.0034926098400485106,0.13915937733119618
2014-06-01,238.343,0.0018621269440941557,-0.11712942521356667
2014-07-01,238.25,-0.0003901939641608454,-0.4711623500332618
2014-08-01,237.852,-0.0016705141657922251,-0.6724105398573651
2014-09-01,238.031,0.0007525688243108508,-0.29153623596801853
2014-10-01,237.433,-0.0025122778125539202,-0.8047238548817425
2014-11-01,236.151,-0.005399417941061246,-1.2585413638847869
2014-12-01,234.812,-0.005670100910010967,-1.3010888902363464
2015-01-01,233.707,-0.004705892373473297,-1.149528973940484
2015-02-01,234.722,0.0043430449237722435,0.27283571934644685
2015-03-01,236.119,0.00595172161109736,0.5256968949522852
2015-04-01,236.599,0.002032873254587786,-0.09029052517730782
2015-05-01,237.805,0.0050972320254947245,0.39138324270579095
2015-06-01,238.638,0.003502869998528224,0.1407721288278294
2015-07-01,238.654,6.7047159295619e-05,-0.3992905258665396
2015-08-01,238.316,-0.0014162762828194841,-0.632447947946543
2015-09-01,237.945,-0.0015567565753034085,-0.6545294589094467
2015-10-01,237.838,-0.00044968375044651676,-0.48051330129354747
2015-11-01,237.336,-0.0021106803790814643,-0.7415984301470894
2015-12-01,236.525,-0.0034170964371187385,-0.9469485187437843
2016-01-01,236.916,0.0016531022090686687,-0.1499851510692877
2016-02-01,237.111,0.000823076533454925,-0.28045342339050156
2016-03-01,238.132,0.004306000143392774,0.26701280490340334
2016-04-01,239.261,0.004741067979104008,0.335399302496749
2016-05-01,240.236,0.0040750477512006,0.23071036211995097
2016-06-01,241.038,0.003338383922476318,0.1149172489200245
2016-07-01,240.647,-0.0016221508641791615,-0.6648085142928662
2016-08-01,240.853,0.0008560256309033676,-0.27527429225644
2016-09-01,241.428,0.0023873482995850903,-0.03457207204923321
2016-10-01,241.729,0.0012467485130143174,-0.21385819287169844
2016-11-01,241.353,-0.0015554608673349346,-0.6543257919807645
2016-12-01,241.432,0.0003273213923173923,-0.3583791052806997
2017-01-01,242.839,0.0058277278902547636,0.5062068393885817
2017-02-01,243.603,0.0031461173864164582,0.08469567442913185
2017-03-01,243.801,0.0008127978719472129,-0.28206908330089425
2017-04-01,244.524,0.002965533365326678,0.056310425716217034
2017-05-01,244.733,0.0008547218268963874,-0.2754792317676309
2017-06-01,244.955,0.0009071110148610728,-0.2672443939272114
2017-07-01,244.786,-0.0006899226388520363,-0.5182754496649948
2017-08-01,245.519,0.0029944522971085963,0.06085607192670572
2017-09-01,246.819,0.005294905893230117,0.4224547730984127
2017-10-01,246.663,-0.0006320421037276924,-0.5091774498794862
2017-11-01,246.669,2.4324685907517463e-05,-0.40600589318106656
2017-12-01,246.524,-0.0005878322772623346,-0.5022282917413468
2018-01-01,247.867,0.0054477454527752656,0.44647898567647065
2018-02-01,248.991,0.004534689974865724,0.30295960520887977
2018-03-01,249.554,0.002261125904149175,-0.05441244367218577
2018-04-01,250.546,0.003975091563348965,0.21499866606045906
2018-05-01,251.588,0.004158916925434797,0.24389340763869533
2018-06-01,251.989,0.001593875701543901,-0.15929471863978742
2018-07-01,252.006,6.746326228523891e-05,-0.3992251203739646
2018-08-01,252.146,0.0005555423283571947,-0.322506008691698
2018-09-01,252.439,0.0011620251758901468,-0.22717550069076667
2018-10-01,252.885,0.001766763455725906,-0.13211921400622037
2018-11-01,252.038,-0.0033493485181009808,-0.936299506059847
2018-12-01,251.233,-0.0031939628151310684,-0.9118750758216964
2019-01-01,251.712,0.0019065966652469513,-0.11013941531402796
2019-02-01,252.776,0.004227053140096748,0.2546034548946178
2019-03-01,254.202,0.005641358356806014,0.4769121901304252
2019-04-01,255.548,0.0052950016128905375,0.4224698188724039
2019-05-01,256.092,0.0021287585893843275,-0.07521870952221292
2019-06-01,256.143,0.00019914718148150712,-0.37852627462160926
2019-07-01,256.571,0.0016709416224534035,-0.14718104812173818
2019-08-01,256.558,-5.066823608290694e-05,-0.4177937176494789
2019-09-01,256.759,0.0007834485769300237,-0.286682376512465
2019-10-01,257.346,0.002286190552229783,-0.05047263623309883
2019-11-01,257.208,-0.0005362430346691482,-0.4941191939757673
2019-12-01,256.974,-0.0009097695250538385,-0.5528322643041789
2020-01-01,257.971,0.003879769937814803,0.20001545751200553
2020-02-01,258.678,0.002740618131495287,0.02095693866293351
2020-03-01,258.115,-0.002176451031784654,-0.7519366445900085
2020-04-01,256.389,-0.006686941866997254,-1.4609218770717887
2020-05-01,256.394,1.9501616683959e-05,-0.4067640113060486
2020-06-01,257.797,0.005472046927775365,0.4502988331236905
2020-07-01,259.101,0.005058243501669724,0.38525479934162504
2020-08-01,259.918,0.0031532105240814623,0.08581061513961688
2020-09-01,260.28,0.0013927469432666317,-0.19090930885971416
2020-10-01,260.388,0.0004149377593360981,-0.344607054164884
2020-11-01,260.229,-0.0006106272178441063,-0.5058113333299933
2020-12-01,260.474,0.0009414784670425114,-0.2618423175313472
2021-01-01,261.582,0.00425378348702754,0.25880508658514156
2021-02-01,263.014,0.005474382793923205,0.4506659981760932
2021-03-01,264.877,0.007083273133749568,0.7035607569270482
2021-04-01,267.054,0.008218909154060094,0.8820666440444516
2021-05-01,269.195,0.008017105154762838,0.8503459155063179
2021-06-01,271.696,0.00929066290235725,1.0505311433995117
2021-07-01,273.003,0.004810523526293853,0.3463167301272655
2021-08-01,273.567,0.00206591136361145,-0.08509740268517511
2021-09-01,274.31,0.002715970859058281,0.017082736759590343
2021-10-01,276.589,0.008308118552003085,0.8960890970436692
2021-11-01,277.948,0.004913427504347645,0.36249177702774965
2021-12-01,278.802,0.003072517161483601,0.07312676219958877
2022-01-01,281.148,0.008414573783545265,0.9128223506609059
2022-02-01,283.716,0.009133979256476854,1.0259026949314707
2022-03-01,287.504,0.013351379548562692,1.6888182479817562
2022-04-01,289.109,0.005582531025655202,0.46766536742841747
2022-05-01,292.296,0.011023523999598828,1.3229123481888447
2022-06-01,296.311,0.013736075758819855,1.7492870399666043
2022-07-01,296.276,-0.00011811913833770227,-0.4283960435078725
2022-08-01,296.171,-0.0003543992763505033,-0.46553593242462654
2022-09-01,296.808,0.0021507845130008807,-0.07175654650128488
2022-10-01,298.012,0.004056494434112379,0.22779404362831152
2022-11-01,297.711,-0.00101002644188819,-0.5685912306975467
2022-12-01,296.797,-0.0030700914645410693,-0.8924042551273577
2023-01-01,299.17,0.007995363834540026,0.8469284881052256
2023-02-01,300.84,0.005582110505732318,0.4675992676565343
2023-03-01,301.836,0.0033107299561230263,0.11057043734666552
2023-04-01,303.363,0.005059038683258521,0.38537979061734107
2023-05-01,304.127,0.0025184350102023245,-0.013967099021314171
2023-06-01,305.109,0.003228914236486524,0.09771016578723656
2023-07-01,305.691,0.0019075150192227053,-0.10999506308479438
2023-08-01,307.026,0.004367155068353501,0.276625492363535
2023-09-01,307.789,0.002485131552376618,-0.019201930584361263
2023-10-01,307.671,-0.00038337952298483913,-0.4700912164609049
2023-11-01,307.051,-0.0020151395484137025,-0.7265807656584101
2023-12-01,306.746,-0.0009933203278934544,-0.5659652663519465
2024-01-01,308.417,0.005447503797930464,0.44644100095982203
2024-02-01,310.326,0.0061896717755507424,0.5630992883563519
2024-03-01,312.332,0.006464169937420605,0.6062465089625441
2024-04-01,313.548,0.0038932930343353878,0.20214109662331264
2024-05-01,314.069,0.0016616275657954649,-0.14864508582101127
2024-06-01,314.175,0.0003375054526233434,-0.35677831533844884
2024-07-01,314.54,0.0011617728972705965,-0.22721515531423594
2024-08-01,314.796,0.0008138869460163622,-0.2818978962925807
2024-09-01,315.301,0.0016042135224081377,-0.15766975971700967
2024-10-01,315.664,0.0011512808395786056,-0.22886435808035083
2024-11-01,315.493,-0.0005417152415225779,-0.4949793473359912
2024-12-01,315.605,0.00035499995245547034,-0.354028427912938
2025-01-01,317.671,0.006546157380269646,0.6191337729771652
2025-02-01,319.082,0.004441702264292413,0.28834325501388813
2025-03-01,319.799,0.002247071285750968,-0.05662163048943953
2025-04-01,320.795,0.0031144562678433463,0.07971899531985417
2025-05-01,321.465,0.002088561230692454,-0.08153716459473458
2025-06-01,322.561,0.0034093913800881115,0.12607861487377323
2025-07-01,323.048,0.0015097919463296083,-0.17251149324736434
2025-08-01,323.976,0.002872638121889093,0.04170861004443249
2025-09-01,324.8,0.002543398276415587,-0.010043227374897146
2025-11-01,324.122,-0.002087438423645338,-0.737945124158843
2025-12-01,324.054,-0.00020979754536887274,-0.4428065897426905
